032,012,HIGH,,,,,,,,,,,,,,,
032,012,LOW,SDI;;,SDI;;,BFO;ON;OFF,MODE;ANT;BFO,,,,,,,,,ADF FREQ,,
206,018,HIGH,,,,,,,,,,,,,,,
206,018,LOW,SDI;;,SDI;;,Range Select 1,Range Select 2,Range Select 3,,,,,,,,Altitude (Variable Resolution),,
270,006,HIGH,Spare;;,Spare;;,Spare;;,Spare;;,Spare;;,Spare;;,Angle of Attack Alternate Correction;Yes;No,Baro-Correction Port "A";Yes;No,Zero Mash SSEC;Yes;No,SSM;;,SSM;;,Parity (Odd);;,,,
270,006,LOW,SDI;;,SDI;;,Icing Detector;On;Off,Pitot Probe Heat;On;Off,ADS Computer Status;Fail;Good,Pitot/Static Probe Heat;On;Off,Static Source Heat;On;Off,TAT Probe Heat;On;Off,Left Side Angle of Attack Sensor Heat;On;Off,Right Side Angle of Attack Sensor Heat;On;Off,VMO/MMO Overspeed Warning;Warn;Not Warn,Spare;;,Air Data Discretes,,
270,00B,HIGH,En Route;True;False,Terminal;True;False,GPS HIGH ACCURACY;True;False,APPROACH (Angular);True;False,GPS Self Test (BIT);True;False,Figure of Merit (LSB);;,Figure of Merit (LSB);;,Figure of Merit (LSB);;,Figure of Merit (MSB);;,SSM;;,SSM;;,Parity (Odd);;,,,
270,00B,LOW,SDI;;,SDI;;,Spare;;,Spare;;,Vertical Maneuver Alert (Flash);On;Off,Vertical Maneuver Alert (On);Flash;Off,Turn Point Alert (Flash);On;Off,Turn Point Alert (On);Flash;Off,No Waypoint Entered;True;False,No Course Entered;True;False,2D/3D Nav;3D;2D,GPS Nav Valid;True;False,GPS DATA,,
270,01A,HIGH,Initialization;Yes;No,Low Speed Latch;Yes;No,EAROM;Failed;Good,EEC Probe T2 Selected;Yes;No,Fault Light;On;Off,See Main Panel;Yes;No,TCC System;Failed;Good,TCA System;Failed;Good,Thrust Bump Inhibit;Yes;No,SSM;;,SSM;;,Parity(Odd);;,,,
270,01A,LOW,SDI;;,SDI;;,PAD;;,PAD;;,PAD;;,PAD;;,EPR Loop Selected;Yes;No,N2 Loop Selected;Yes;No,EGT Loop Selected;Yes;No,Integrator On Min Stop;Yes;No,Integrator On Max Stop;Yes;No,EEC On/Off Discrete;Off;On,EEC Discretes,,
270,023,HIGH,Spare (All "0" States);;,Spare (All "0" States);;,Spare (All "0" States);;,Spare (All "0" States);;,Spare (All "0" States);;,Spare (All "0" States);;,Spare (All "0" States);;,Spare (All "0" States);;,Spare (All "0" States);;,SSM;;,SSM;;,Parity (Odd);;,,,
270,023,LOW,SDI;;,SDI;;,Sink Rate;;,Pull Up;;,Terrain;;,Don't Sink;;,Too Low Gear;;,Too Low Flap;;,Too Low Terrain;;,Glide Slope;;,Minimum Minimum;;,Terrain Pull Up;;,GPWS Discrete,,
270,02F,HIGH,2.5 Bleed System Failed;Failed;Operational,TCA Valve(s) Failed Closed;Failed;OK,Case Cooling valve Stuck;Failed;OK,14TH Stage Bleed System Failed;Failed;Operational,Channel Incapable (Failed);Incapable;Capable,Oil Cooling System Status;Faulted;OK,SVA System Failed;Failed;Operational,Starter Cutout Command;Cutout Not Cutout,Spare;;,SSM;;,SSM;;,Parity (Odd);;,,,
270,02F,LOW,SDI;;,SDI;;,PAD;;,PAD;;,PAD;;,PDIU Status;Invalid;OK,Spare;;,Channel Select Mode;Secondary;Auto,Primary Chan.Manually Selected;Selected;Not Selected,N2 Droop Control Mode;Engaged;Not Engaged,Reverser System Status;Inoperative;OK,Channel Controlling Status;Controlling;Not Controlling,EEC Status,,
270,033,HIGH,Spare (All "0" States);;,Spare (All "0" States);;,Spare (All "0" States);;,Spare (All "0" States);;,Spare (All "0" States);;,Spare (All "0" States);;,Spare (All "0" States);;,Spare (All "0" States);;,Spare (All "0" States);;,SSM;;,SSM;;,Parity (Odd);;,,,
270,033,LOW,SDI;;,SDI;;,Turbine Case Cooling Valve;Open;Closed,Upper Turbine Cooling Valve;Open;Closed,Lower Turbine Cooling Valve;Open;Closed,Fuel Heater Valve;Open;Closed,Spare (All "0" States);;,Spare (All "0" States);;,Spare (All "0" States);;,Spare (All "0" States);;,Spare (All "0" States);;,Spare (All "0" States);;,Engine Discretes,,
270,03A,HIGH,Spare;;,Spare;;,Spare;;,Test Ground Power;On;Off,Spare;;,Spare;;,Spare;;,Spare;;,Spare;;,SSM;;,SSM;;,Parity (Odd);;,,,
270,03A,LOW,SDI 1  Left Engine   0  Right Engine;;,SDI 0  Left Engine   1  Right Engine;;,PDUI Self Test;Failed;Ok,P2/T2 Probe Heat ;Heat Off;Heat On,Spare;;,Idle Select ;Minimum;Approach,Air/Ground Switch;Ground;Air,Opposite Engine Status;Shut Down;Running,EEC to PDIU SDD;Faulted;Ok,Spare;;,Spare;;,Spare;;,Propulsion Discrete Interface,,
270,03B,HIGH,PMS ;Selected;Not Selected,Captain's F/D On and Select;Selected;Not Selected,F/O F/D On and Select ;Selected;Not Selected,Course Transfer No.1;Selected;Not Selected,Course Transfer No.2;Selected;Not Selected,A/P Engage Manual;Selected;Not Selected,A/P Engage Command;Selected;Not Selected,Spare (All "0" States);;,Word Validity;Invalid;Valid,SSM;;,SSM;;,Parity (Odd);;,,,
270,03B,LOW,SDI;;,SDI;;,INS ;Selected;Not Selected,VOR/LOC ;Selected;Not Selected,ILS/Land ;Selected;Not Selected,Land ;Selected;Not Selected,Altitude Hold ;Selected;Not Selected,Altitude Select;Selected;Not Selected,Mach ;Selected;Not Selected,IAS ;Selected;Not Selected,Vertical Speed;Selected;Not Selected,TURB ;Selected;Not Selected,Autopilot Buffer Unit,,
270,03F,HIGH,2.5 Bleed System Failed;Failed;Operational,TCA Valve(s) Failed Closed;Failed;Ok,Case Cooling Valve Stuck;Failed;Ok,14th State Bleed System Failed;Failed;Operational,Channel Incapable (Failed);Incapable;Capable,Oil Cooling System Status;Faulted;Ok,SVA System Failed;Failed;Operational,Starter Cutout Command;Cutout;Not Cutout,Spare;;,SSM;;,SSM;;,Parity (Odd);;,,,
270,03F,LOW,SDI;;,SDI;;,PAD;;,PAD;;,PAD;;,PDIU States ;Invalid;Ok,Spare;;,Channel Select Mode;Secondary;Auto,Primary Chan.Manually Selected;Selected;Not Selected,N2 Droop Control Mode;Engaged;Not Engaged,Reverser System Status;Inoperative;Ok,Channel Controlling Status;Controlling;Not Controlling,EEC Status,,
271,006,HIGH,Spare;;,Spare;;,Spare;;,Spare;;,Spare;;,Spare;;,Spare;;,Spare;;,Spare;;,SSM;;,SSM;;,Parity (Odd);;,,,
271,006,LOW,SDI;;,SDI;;,Zero Angle of Attack SSEC;Yes;No,Angle of Attack Sensor Status;Fail;Good,Spare;;,Spare;;,Spare;;,Spare;;,Spare;;,Spare;;,Spare;;,Spare;;,Air Data Discretes,,
271,01A,HIGH,A/C Pack           ___        ;On;Off,A/C Pack Flow Mode  |         ;Hi;Lo,Air Driven Pump     | Boeing  ;On;Off,Wing Anti-Icing     | 767     ;On;Off,Cowl Anti-Icing     | Only    ;On;Off,Isolation Valve     |         ;Open;Closed,Approach Idle       |         ;Sel.;Not Sel.,Tt2 Probe Heat     ___        ;On;Off,Spare;;,SSM;;,SSM;;,Parity (Odd);;,,,
271,01A,LOW,SDI;;,SDI;;,PAD;;,PAD                 Model   ;;,PAD               |0|1|2|3| ;;,PAD               |-|-|-|-| ;;,Engine Model Code |1|0|1|0| ;;,Engine Model Code |1|1|0|0| ;;,Spare;;,Spare;;,Spare;;,Spare;;,EEC Discretes,,
271,02F,HIGH,Spare;;,Spare;;,Spare;;,T/L Interlock Actuator Command;Block Fwd;Block Rev,Reserved (Spare Relay Command);;,Engine Type Code 0000=PW2037 Other Codes Invalid;;,Engine Type Code 0000=PW2037 Other Codes Invalid;;,Engine Type Code 0000=PW2037 Other Codes Invalid;;,Engine Type Code 0000=PW2037 Other Codes Invalid;;,SSM;;,SSM;;,Parity (Odd);;,,,
271,02F,LOW,SDI;;,SDI;;,PAD;;,PAD;;,PAD;;,Reverser Deploy Command;On;Off,Turbine Cooling Air Valve Solenoid;On;Off,Fuel-Oil Heat Ex.Bypass Valve Sol.;On;Off,Spare;;,Spare;;,14TH Stage Bleed Command;Closed;Open,Spare;;,EEC Status,,
271,033,HIGH,Fuel Flow;Failed;Good,Power Supplies;Failed;Good,Tachometers;Failed;Good,Resistive Temperature Probes;Failed;Good,Spare (All "0" States);;,Spare (All "0" States);;,Spare (All "0" States);;,Spare (All "0" States);;,Spare (All "0" States);;,SSM;;,SSM;;,Parity (Odd);;,,,
271,033,LOW,SDI;;,SDI;;,High Pressure Compressor Exit Pressure;Failed;Good,Fan Inlet Total Pressure;Failed;Good,Low Pressure Compressor Exit Pressure;Failed;Good,Exhaust Gas Total Pressure;Failed;Good,Thermocouples;Failed;Good,CPU Self-Test;Failed;Good,A/D Converter Self-Test;Failed;Good,ARINC 429 Self-Test;Failed;Good,Stator Vane Angle;Failed;Good,Low Press.Comp. Bleed Valve Pos.;Failed;Good,Engine Discretes,,
271,03A,HIGH,Cowl Anti-Ice-L;ON;OFF,Cowl Anti-Ice-R;ON;OFF,Spare (All "0" States);;,Spare (All "0" States);;,Spare (All "0" States);;,Spare (All "0" States);;,Spare (All "0" States);;,Spare (All "0" States);;,Spare (All "0" States);;,SSM;;,SSM;;,Parity (Odd);;,,,
271,03A,LOW,SDI;;,SDI;;,ECS Pack-L;ON;OFF,ECS Pack-R;ON;OFF,ECS Pack Demand-L;HI;LO,ECS Pack Demand-R;HI;LO,PNEU Shutoff Valve-L;CLOSED;OPEN,PNEU Shutoff Valve-R;CLOSED;OPEN,Isolation Valve;OPEN;CLOSED,Spare;;,Wing Anti-Ice-L;ON;OFF,Wing Anti-Ice-R;ON;OFF,Propulsion Discrete Interface,,
271,03B,HIGH,Pitch Wheel Enable;Enabled;Not Enabled,Turn Knob In Detent ;In Detent;Not In Detent,Heading Hold A Or C,and B;Hold;Not Hold,28 VDC Reference;Referenced;Not Referenced,Spare (Pad Bit);;,Spare (Pad Bit);;,Spare (Pad Bit);;,Yaw Damper Engage;Engaged;Not Engaged,Word Validity;Invalid;Valid,SSM;;,SSM;;,Parity (Odd);;,,,
271,03B,LOW,SDI;;,SDI;;,Flare Arm;Armed;Not Armed,Flare Engage ;Engaged;Not Engaged,Glide Slope Capture ;Engaged;Not Engaged,Go-Around Engage;Engaged;Not Engaged,Dual Engage;Engaged;Not Engaged,Triple Arm ;Armed;Not Armed,Triple Engage;Engaged;Not Engaged,Rollout Engage;Engaged;Not Engaged,Nav Arm;Armed;Not Armed,Nav Capture;Engaged;Not Engaged,Autopilot Buffer Unit,,
271,03F,HIGH,Spare;;,Spare;;,Spare;;,T/L Interlock Actuator Command;Block Fwd;Block Rev,Reserved (Spare Relay Command);;,Engine Type Code 0000=PW2037 Other Codes Invalid;;,Engine Type Code 0000=PW2037 Other Codes Invalid;;,Engine Type Code 0000=PW2037 Other Codes Invalid;;,Engine Type Code 0000=PW2037 Other Codes Invalid;;,SSM;;,SSM;;,Parity (Odd);;,,,
271,03F,LOW,SDI;;,SDI;;,PAD;;,PAD;;,PAD;;,Reverser Deploy Command;On;Off,Turbine Cooling Air Valve Solenoid;On;Off,Fuel-Oil Heat Ex.Bypass Valve Sol.;On;Off,Spare;;,Spare;;,14th Stage Bleed Command;Closed;Open,Spare;;,EEC Status,,
272,003,HIGH,Spare;;,Spare;;,Spare;;,Spare;;,Spare;;,Spare;;,Spare;;,Spare;;,Spare;;,SSM;;,SSM;;,Parity (Odd);;,,,
272,003,LOW,SDI;;,SDI;;,Automatic Throttle Failure/Warning;Flag;Normal,APR;Engaged;Not Engaged,Spare;;,Spare;;,Spare;;,Spare;;,Spare;;,Spare;;,Spare;;,Spare;;,TCC Discretes,,
272,01A,HIGH,TCA-B-Air Valve;Open;Closed,Spare;;,Spare;;,Spare;;,Spare;;,Spare;;,Spare;;,Spare;;,Spare;;,SSM;;,SSM;;,Parity (Odd);;,,,
272,01A,LOW,SDI;;,SDI;;,PAD;;,PAD;;,PAD;;,PAD;;,TCC Stg 2 Sol;On;Off,TCC Stg 1 Sol;On;Off,TCC Stg 3 Sol;On;Off,TCC Stg 1 Valve;Open;Closed,Spare;;,TCA-A-Air Valve;Open;Closed,EEC Discretes,,
272,02F,HIGH,Decel Schedule Loop;Engaged;Not Engaged,Spare;;,Back Up Mode;Engaged;Not Engaged,2.5 BLD 2-Position Mode;Engaged;Not Engaged,Spare;;,Spare;;,Spare;;,Spare;;,Spare;;,SSM;;,SSM;;,Parity (Odd);;,,,
272,02F,LOW,SDI;;,SDI;;,PAD;;,PAD;;,PAD;;,N1 Loop;Engaged;Not Engaged,N2 Loop;Engaged;Not Engaged,N2 Topping Loop;Engaged;Not Engaged,PB Topping Loop;Engaged;Not Engaged,PB Topping Loop Minimum;Engaged;Not Engaged,EPR Loop;Engaged;Not Engaged,Accel Schedule Loop;Engaged;Not Engaged,EEC Status,,
272,03A,HIGH,BIT:RAM;Failed;Ok,BIT:ROM;Failed;Ok,BIT:Discrete Output 1;Failed;Ok,BIT:Discrete Output 2(Prov);Failed;Ok,BIT:Discrete Input;Failed;Ok,BIT:Serial Data;Failed;Ok,BIT:Watchdog Timer;Failed;Ok,Spare;;,Spare;;,SSM;;,SSM;;,Parity (Odd);;,,,
272,03A,LOW,SDI;;,SDI;;,RAM In-Flight Monitor;Failed;Ok,ROM In-Flight Monitor;Failed;Ok,WDT In-Flight Monitor;Failed;Ok,Discrete Output 1 IFM;Failed;Ok,Discrete Output 1 IFM;Failed;Ok,Serial Data Input-Pri;Failed;Ok,Serial Data Input-Sec;Failed;Ok,Spare;;,Discrete Input IFM;Failed;Ok,Power Up RAM;Failed;Ok,,,
272,03B,HIGH,Spare (All "0" States);;,Spare (All "0" States);;,Spare (All "0" States);;,Spare (All "0" States);;,Spare (All "0" States);;,Spare (All "0" States);;,Spare (All "0" States);;,Spare (All "0" States);;,Word Validity ;Invalid;Valid,SSM;;,SSM;;,Parity (Odd);;,,,
272,03B,LOW,SDI;;,SDI;;,Trim Wheel Enable ;Enabled;Not Enabled,Altitude Select Capture;Engaged;Not Engaged,Flare Arm;Armed;Not Armed,Flare Engage;Engaged;Not Engaged,Glide Slope Arm;Armed;Not Armed,Glide Slope Engage;Engaged;Not Engaged,Go-Around Engage;Engaged;Not Engaged,Heading Select;Selected;Not Selected,Nav Engage;Engaged;Not Engaged,Localizer Capture;Engaged;Not Engaged,Autopilot Buffer Unit,,
272,03F,HIGH,Decel Schedule Loop;Engaged;Not Engaged,Spare;;,Back Up Mode;Engaged;Not Engaged,2.5 BLD 2-Position Mode;Engaged;Not Engaged,Spare;;,Spare;;,Spare;;,Spare;;,Spare;;,SSM;;,SSM;;,Parity (Odd);;,,,
272,03F,LOW,SDI;;,SDI;;,PAD;;,PAD;;,PAD;;,N1 Loop ;Engaged;Not Engaged,N2 Loop ;Engaged;Not Engaged,N2 Topping Loop;Engaged;Not Engaged,PB Topping Loop;Engaged;Not Engaged,PB Topping Loop Mmnimum;Engaged;Not Engaged,EPR Loop;Engaged;Not Engaged,Accel Schedule Loop;Engaged;Not Engaged,EEC Status,,
272,05A,HIGH,10 pf;;,10 pf;;,100 pf;;,Probe number (units);;,Probe number (units);;,Probe number (units);;,Probe number (units);;,Probe number (units);;,Probe number (units);;,SSM;;,SSM;;,Parity (Odd);;,,,
272,05A,LOW,SDI;;,SDI;;,0.1 pf;;,0.1 pf;;,0.1 pf;;,0.1 pf;;,1 pf;;,1 pf;;,1 pf;;,1 pf;;,10 pf;;,10 pf;;,FUEL QUANTITY SYSTEM (A-320),,
273,001,HIGH,Land 3;Armed;Not Armed,Glideslope;Armed;Not Armed,VOR;Armed;Not Armed,Climb;Armed;Not Armed,Descent;Armed;Not Armed,Unasigned,Unasigned,Unasigned,Unasigned,SSM,SSM,Parity,,,
273,001,LOW,Unassigned;;,Unassigned;;,Test;Requested;Not Requested,ALT;Armed;Not Armed,FMC;Armed;Not Armed,LNAV;Armed;Not Armed,VNAV;Armed;Not Armed,LOC;Engaged;Not Engaged,Back Course;Engaged;Not Engaged,Appr. 2;Engaged;Not Engaged,Land 2;Engaged; Not Engaged,Land 1;Armed;Not Armed,FCC Arm Modes Discrete Word,,
273,003,HIGH,Speed Brake Position-2/3;Requested;Not Requested,Speed Brake Position-Full;Requested;Not Requested,Landing Gear Position;Requested;Not Requested,Slat Position-Retract;Requested;Not Requested,Slat Position-Take Off;Requested;Not Requested,Slat Position-Land;Requested;Not Requested,Electronic Engine Control On-Off N#.1;On;Off,Electronic Engine Control On-Off N#.2;On;Off,Electronic Engine Control On-Off N#.3;On;Off,SSM;;,SSM;;,Parity;;,,,
273,003,LOW,SDI;;,SDI;;,No Bleed Air;Requested;Not Requested,One Air Conditioning Pack;Requested;Not Requested,Two Air Conditioning Packs;Requested;Not Requested,Three Air Conditioning Packs;Requested;Not Requested,Half Wing Anti-Icing;Requested;Not Requested,Total Wing Anti-Icing;Requested;Not Requested,Engine Cowling Anti-Icing;Requested;Not Requested,Engine Operating Condition (Engine Out);Requested;Not Requested,Speed Brake Position-Retract;Requested;Not Requested,Speed Brake Position-1/3;Requested;Not Requested,TCC Discretes,,
273,02F,HIGH,A/D Interface;Failed;OK,RES/LVDT Interface;Failed;OK,SVA Interface;Failed;OK,N1 Interface;Failed;OK,N2 Interface;Failed;OK,P4.9 Sensor PROM;Failed;OK,P2 (P amb) Sensor PROM;FAILED;OK,PB Sensor PROM;Failed;OK,Background Execution;Not Executing;Executing,SSM;;,SSM;;,Parity (Odd);;,,,
273,02F,LOW,SDI;;,SDI;;,PAD;;,PAD;;,PAD;;,P4.9 Interface;Failed;Ok,PB Interface;Failed;Ok,P2 (Pamb) Interface;Failed;Ok,CIC Interface;Failed;Ok,T2 Interface;Failed;Ok,T4.9 Interface;Failed;Ok,Tfuel/Toil Interface;Failed;Ok,EEC Status,,
273,03B,HIGH,A/T Speed Flag;Flag;Normal,Spare (All "0" States);;,Spare (All "0" States);;,Spare (All "0" States);;,Spare (All "0" States);;,Spare (All "0" States);;,Spare (All "0" States);;,Spare (All "0" States);;,Word Validity ;Invalid;Valid,SSM;;,SSM;;,Parity (Odd);;,,,
273,03B,LOW,SDI;;,SDI;;,A/P Red Waring Lights;Warn;Normal,A/P Servo System Pitch/Roll;Failed;Normal,A/P Servo System Yaw;Failed;Normal,A/P Camout Pitch;Camout;Normal,A/P Camout Roll;Camout;Normal,A/P Camout Yaw;Camout;Normal,A/P Confidence Test;Failed;Passed,Spare (Pad Bit);;,Spare (Pad Bit);;,A/T Red Warning Lights ;Warn;Normal,Autopilot Buffer Unit,,
273,03F,HIGH,A/D Interface;Failed;OK,RES/LVDT Interface;Failed;OK,SVA Interface;Failed;OK,N1 Interface;Failed;OK,N2 Interface;Failed;OK,P4.9 Sensor PROM;Failed;OK,P2 (P amb) Sensor PROM;Failed;OK,PB Sensor PROM;Failed;OK,Background Execution;Not Executing;Executing,SSM;;,SSM;;,Parity (Odd);;,,,
273,03F,LOW,SDI;;,SDI;;,PAD;;,PAD;;,PAD;;,P4.9 Interface;Failed;OK,PB Interface;Failed;OK,P2 (P amb) Interface;Failed;OK,CJC Interface;Failed;OK,T2 Interface;Failed;OK,T4.9 Interface;Failed;OK,T fuel/T oil Interface;Failed;OK,EEC Status,,
273,05A,HIGH,10 pf;;,10 pf;;,100 pf;;,Probe number (units);;,Probe number (units);;,Probe number (units);;,Probe number (units);;,Probe number (units);;,Probe number (units);;,SSM;;,SSM;;,Parity (Odd);;,,,
273,05A,LOW,SDI;;,SDI;;,0.1 pf;;,0.1 pf;;,0.1 pf;;,0.1 pf;;,1 pf;;,1 pf;;,1 pf;;,1 pf;;,10 pf;;,10 pf;;,FUEL QUANTITY SYSTEM (A-320),,
274,001,HIGH,Min Speed;Requested;Not Requested,Track;Requested;Not Requested,Pitch Limit;Requested;Not Requested,Turb.;Requested;Not Requested,CWS;Requested;Not Requested,Hold;Requested;Not Requested,Performance;Requested;Not Requested,Pitch;Requested;Not Requested,Capture;Requested;Not Requested,SSM;;,SSM;;,Parity;;,,,
274,001,LOW,Descent;Requested;Not Requested,Climb;Requested;Not Requested,IAS;Requested;Not Requested,VNAV;Requested;Not Requested,ALT;Requested;Not Requested,V/S;Requested;Not Requested,Flare;Requested;Not Requested,Pitch G/A;Requested;Not Requested,Pitch T/O;Requested;Not Requested,Mach;Requested;Not Requested,Glideslope;Requested;Not Requested,Flap Speed;Requested;Not Requested,FCC Pitch Modes Discretes,,
274,003,HIGH,ATS Speed Mode Engaged;Engaged;Not Engaged,ATS Retard Activated;Engaged;Not Engaged,XXXXXXX,XXXXXXX,XXXXXXX,XXXXXXX,Alpha Mode Activated;Activated;Not Activated,Throttle Pusher Activated (Alpha Floor Protection);Activ;Not Acti.,XXXXX,SSM;;,SSM;;,Parity;;,,,
274,003,LOW,DFA Mode Armed;Armed;Not Armed,DFA Mode Engaged;Engaged;Not Engaged,ATS Off;Off;Passive,ATS Armed;Armed;Passive,ATS Mode Engaged;Engaged;Passive,Left Clutch Off;Off;Passive,Right Clutch Off;Off;Passive,Both Clutches Off;Off;Passive,XXXXXX,ATS N1/EPR Mode Engaged;Engaged;Not Engaged,EPR;Engaged;Not Engaged,ATS Mach Mode Engaged;Engaged;Not Engaged,TCC Discretes,,
274,02F,HIGH,Spare;;,EAROM;Failed;OK,ROM Parity Error Caused Reset;Yes;No,RAM Parity Error Caused Reset;Yes;No,Watchdog Timer Error Caused Reset;Yes;No,Status Buffer;Failed;OK,Loss of Clock Caused Reset;Yes;No,SDD Output #1 W/A;Failed;OK,SDD Output #2 W/A;Failed;OK,SSM;;,SSM;;,Parity (Odd);;,,,
274,02F,LOW,SDI;;,SDI;;,PAD;;,PAD;;,PAD;;,Parity Test Hardware ;Error;OK,ROM Checksum;Failed;OK,RAM Test;Failed;OK,Instruction Test;Failed;OK,High Speed Cross Link Text;Failed;OK,Foreground Software Execution;Incorrect;Correct,Watchdog Timer;Error;OK,EEC Status,,
274,03B,HIGH,CADC Computer Airspeed Flags;Flag;Normal,CADC Corrected Altitude Flags;Flag;Normal,CADC Uncorrected Altitude Flags;Flag;Normal,CADC Mach Flag;Flag;Normal,Altitude Rate Module Flag;Flag;Normal,Spare (Pad Bit);;,Spare (Pad Bit);;,Spare (Pad Bit);;,Word Validity;Invalid;Valid,SSM;;,SSM;;,Parity (Odd);;,,,
274,03B,LOW,SDI;;,SDI;;,Magnetic Heating Flag;Flag;Normal,Localizer Flag;Flag;Normal,Glide Slope Flag;Flag;Normal,Low Range Radio Altimeter;Flag;Normal,ILS Limit Warm;Warm;Normal,ILS Frequency Select;Selected;Not Selected,INS Attitude Secondery Flags;Flag;Normal,INS True Heading Flags;Flag;Normal,INS HSI Nav Warm ;Warm;Normal,CADC True Airspeed Flags;Flag;Normal,Autopilot Buffer Unit,,
274,03F,HIGH,Spare;;,EAROM;Failed;Ok,ROM Parity;Error Caused Reset;Yes;No,RAM Parity Error Caused Reset;Yes;No,Watchdog Timer Error Caused Reset;Yes;No,Status Buffer;Failed;Ok,Loss of Clock Caused Reset;Yes;No,SDD Output #1 W/A;Failed;Ok,SDD Output #2 W/A;Failed;Ok,SSM;;,SSM;;,Parity (Odd);;,,,
274,03F,LOW,SDI;;,SDI;;,PAD;;,PAD;;,PAD;;,Parity Test Hardware;Error;Ok,ROM Checksum;Failed;Ok,RAM Test;Failed;Ok,Instruction Test;Failed;Ok,High Speed Cross Link Text;Failed;Ok,Foreground Software Execution;Incorrect;Correct,Watchdog Timer;Error;Ok,EEC Status,,
274,05A,HIGH,10 pf;;,10 pf;;,100 pf;;,Probe number (units);;,Probe number (units);;,Probe number (units);;,Probe number (units);;,Probe number (units);;,Probe number (units);;,SSM;;,SSM;;,Parity (Odd);;,,,
274,05A,LOW,SDI;;,SDI;;,0.1 pf;;,0.1 pf;;,0.1 pf;;,0.1 pf;;,1 pf;;,1 pf;;,1 pf;;,1 pf;;,10 pf;;,10 pf;;,FUEL QUANTITY SYSTEM (A-320),,
274,0C5,HIGH,METRIC ALT;SEL;NOT SEL,WXR DATA;SEL;NOT SEL,MAP RANGE;SEL;NOT SEL,MAP RANGE;SEL;NOT SEL,MAP RANGE;SEL;NOT SEL,MAP RANGE;SEL;NOT SEL,MAP RANGE;SEL;NOT SEL,MAP RANGE;SEL;NOT SEL,MAP RANGE;SEL;NOT SEL,SSM;;,SSM;;,Parity (Odd);;,,,
274,0C5,LOW,SDI;;,SDI;;,Spare;;,Spare;;,Spare;;,Spare;;,Spare;;,Spare;;,BARO SEL IN;SEL;NOT SEL,BARO SEL HPA;SEL;NOT SEL,BARO SEL MTRS;SEL;NOT SEL,FPV;SEL;NOT SEL,EFIS CP,,
275,001,HIGH,CAPTURE;Requested;Not Requested,VOR;Requested;Not Requested,TRACK;Requested;Not Requested,Unassigned;;,Unassigned;;,Unassigned;;,Unassigned;;,ALIGN;Requested;Not Requested,CWS;Requested;Not Requested,SSM;;,SSM;;,Parity;;,,,
275,001,LOW,Unassigned;;,Unassigned;;,LNAV;Requested;Not Requested,HDG HOLD;Requested;Not Requested,HDG SEL;Requested;Not Requested,B/COURSE VOR;Requested;Not Requested,LOC;Requested;Not Requested,ROLLOUT;Requested;Not Requested,ROLL T.O.;Requested;Not Requested,ROLL G/A;Requested;Not Requested,Unassigned;;,WINGS LEVEL;Requested;Not Requested,FCC Roll Modes Dicscrete word,,
275,003,HIGH,Maximum Continuous Thrust Mode Engaged;Engaged;Not Engaged,GA Mode Engaged;Engaged;Not Engaged,XXXXXX,NI/EPR Limit/Warning;;,Used with bit 16 to designate slat limit;In Effect;Not In Effect,XXXXX,Test;Test;Normal,Spare;;,XXXXX,SSM;;,SSM;;,Parity;;,,,
275,003,LOW,SDI;;,SDI;;,Engine Type 1;High;Low,Engine Type 2;High;Low,Engine Type 3 Encoded to define one of 32 types;High;Low,Engine Type 4;High;Low,Engine Type 5;High;Low,XXXXXX,TO Mode Engaged;Engaged;Not Engaged;,FLX TO Mode Engaged;Engaged;Not Engaged,Climb Mode Engaged;Engaged;Not Engaged,Cruise Mode Engaged;Engaged;Not Engaged,TCC Discretes,,
275,02F,HIGH,Serial Data Receiver;Failed;Ok,Serial Data Transmitter;Failed;Ok,Activity Monitor;Failed;Ok,Other Channel's Depower Logic;Failed;Ok,Pressure Sensors Correlation;Disagree;Agree,PB Heater;Failed;Ok,Automatic Channel Transfer;Failed;Ok,P amb Sensor Drift;Failed;Ok,Spare;;,SSM;;,SSM;;,Parity (Odd);;,,,
275,02F,LOW,SDI;;,SDI;;,PAD;;,PAD;;,PAD;;,Lamp 1,2 &/Or 3 W/A;Failed;Ok,Other Channel's Depower Discretes;Disagree;Agree,PB Sensor;Failed;Ok,P4.9 Sensor;Failed;Ok,P2 (P amb) Sensor;Failed;Ok,PB Sensor Crosscheck;Failed;Ok,P4.9 Sensor Crosscheck;Failed;Ok,EEC Status,,
275,03B,HIGH,A/T Go Around;Engaged;Not Engaged,Spare (All "0" States);;,Spare (All "0" States);;,Spare (All "0" States);;,Spare (All "0" States);;,Spare (All "0" States);;,Spare (All "0" States);;,Spare (All "0" States);;,Word Validity;Invalid;Valid,SSM;;,SSM;;,Parity (Odd);;,,,
275,03B,LOW,SDI;;,SDI;;,A/T Engage;Engaged;Not Engaged,A/T Alternate Rating I;Engaged;Not Engaged,A/T Alternate Rating II;Engaged;Not Engaged,A/T Alpha;Engaged;Not Engaged,A/T Flag Limit;Engaged;Not Engaged,A/T Retard ;Engaged;Not Engaged,A/T Mach ;Engaged;Not Engaged,A/T Speed ;Engaged;Not Engaged,A/T EPR ;Engaged;Not Engaged,A/T Throttle Hold ;Engaged;Not Engaged,Autopilot Buffer Unit,,
275,03F,HIGH,Serial Data Receiver;Failed;Ok,Serial Data Transmitter;Failed;Ok,Activity Monitor ;Failed;Ok,Other Channel's Depower Logic;Failed;Ok,Pressure Sensors Correlation ;Disagree;Agree,PB Heater;Failed;Ok,Automatic Channel Transfer;Failed;Ok,P amb Sensor Drift;Failed;Ok,Spare;;,SSM;;,SSM;;,Parity (Odd);;,,,
275,03F,LOW,SDI;;,SDI;;,PAD;;,PAD;;,PAD;;,Lamp 1.2 &/or 3 W/A;Failed;Ok,Other Channel's Depower Discretes;Disagree;Agree,PB Sensor;Failed;Ok,P4.9 Sensor;Failed;Ok,P2 (P amb) Sensor;Failed;Ok,PB Sensor Crosscheck;Failed;Ok,P4.9 Sensor Crosscheck;Failed;Ok,EEC Status,,
275,05A,HIGH,10 pf;;,10 pf;;,100 pf;;,Probe number (units);;,Probe number (units);;,Probe number (units);;,Probe number (units);;,Probe number (units);;,Probe number (units);;,SSM;;,SSM;;,Parity (Odd);;,,,
275,05A,LOW,SDI;;,SDI;;,0.1 pf;;,0.1 pf;;,0.1 pf;;,0.1 pf;;,1 pf;;,1 pf;;,1 pf;;,1 pf;;,10 pf;;,10 pf;;,FUEL QUANTITY SYSTEM (A-320),,
276,02F,HIGH,LCC Functions;Failed;Ok,2.5 Bleed Functions W/A;Failed;Ok,Spare;;,Spare;;,Spare;;,Spare;;,Spare;;,EEC Temperature Status;High;Ok,Overspeed Test;Failed;Ok,SSM;;,SSM;;,Parity (Odd);;,,,
276,02F,LOW,SDI;;,SDI;;,PAD;;,PAD;;,PAD;;,EEC Channel;Failed;Ok,EEC Unit;Failed;Ok,Resolver/LVDT Excitation;Failed;Ok,Spare;;,Spare;;,FCU Functions;Failed;Ok,HCC Functions;Failed;Ok,EEC Status,,
276,03F,HIGH,LCC Functions;Failed;Ok,2.5 Bleed Functions W/A;Failed;Ok,Spare;;,Spare;;,Spare;;,Spare;;,Spare;;,EEC Temperature Status;High;Ok,Overspeed Test;Failed;Ok,SSM;;,SSM;;,Parity (Odd);;,,,
276,03F,LOW,SDI;;,SDI;;,PAD;;,PAD;;,PAD;;,EEC Channel;Failed;Ok,EEC Unit;Failed;Ok,Resolver/LVDT Excitation;Failed;Ok,Spare;;,Spare;;,FCU Functions;Failed;Ok,HCC Functions;Failed;Ok,EEC Status,,
350,01A,HIGH,A Chan SDD In;Failed;Good,B Chan SDD In;Failed;Good,Coil ;Failed;Good,Stg I Valve ;Malfunction;Good,P2 Leak;Leak;Good,System Trim;Required;Good,TCA-A Valve;Malfunction;Good,TCA-B Valve;Malfunction;Good,Spare;;,SSM;;,SSM;;,Parity (Odd);;,,,
350,01A,LOW,SDI;;,SDI;;,PAD;;,PAD;;,PAD;;,PAD;;,Connector J2;Not Inst.;Inst.,Connector J5;Not Inst.;Inst.,T2 ;Probe Failed;Good,EGT ;Assy. Failed;Good,TLA ;Resol. Failed;Good,RPX ;Failed;Good,EEC Discretes,,
350,027,HIGH,Resv. DME Tuning Interface;Failure;Ok,Resv. Synchro Reference Invalid;Failure;Ok,,,,,,Bite Test Inhibit;Inhibit;Enable,Command Word Acknowledge;ACK;NAK,SSM;;,SSM;;,Parity (Odd);;,,,
350,027,LOW,SDI;;,SDI;;,LRU Failure;Failure;Ok,#1 Antenna Failure;Failure;Ok,#2 Antenna Failure;Failure;Ok,#3 Antenna Failure;Failure;Ok,Sourse Selection;Port A;Port B,Input Data ;Inactive;Ok,CFDIU Input Bus;Inactive;Ok,Battery Low Warning;Low;Ok,Resv. MIL-STD-1553B Input Bus;Inactive;Ok,Resv. DME Input Bus;Inactive;Ok,MLS FAULT SUMMARY,50,250
350,02F,HIGH,SVA Feedback Signal;Failed;Ok,2.5 BLD Feedback Signal;Failed;Ok,HCC Feedback Signal;Failed;Ok,LCC Feedback Signal;Failed;Ok,Reverser Position Signal;Failed;Ok,AOX Feedback Signal;Failed;Ok,Reserved (Spare Feedback Signal);;,Thrust Lever Position Signal;Failed;Ok,Spare;;,SSM;;,SSM;;,Parity (Odd);;,,,
350,02F,LOW,SDI;;,SDI;;,PAD;;,PAD;;,PAD;;,N1 Signal;Failed;Ok,N2 Signal;Failed;Ok,T2 Signal;Failed;Ok,T4.9 Signal;Failed;Ok,T fuel Signal;Failed;Ok,T oil Signal;Failed;Ok,WF Feedback Signal;Failed;Ok,EEC Status,,
350,03F,HIGH,SVA Feedback Signal;Failed;Ok,2.5 BLD Feedback Signal;Failed;Ok,HCC Feedback Signal;Failed;Ok,LCC Feedback Signal;Failed;Ok,Reverser Position Signal;Failed;Ok,AOX Feedback Signal;Failed;Ok,Reserved (Spare Feedback Signal);;,Thrust Lever Position Signal;Failed;Ok,Spare;;,SSM;;,SSM;;,Parity (Odd);;,,,
350,03F,LOW,SDI;;,SDI;;,PAD;;,PAD;;,PAD;;,N1 Signal;Failed;Ok,N2 Signal;Failed;Ok,T2 Signal;Failed;Ok,T4.9 Signal;Failed;Ok,T fuel Signal;Failed;Ok,T oil Signal;Failed;Ok,WF Feedback Signal;Failed;Ok,EEC Status,,
351,01A,HIGH,Angle Range Check;Fail;Good,Sine Range Check;Fail;Good,Cosine Range Check;Fail;Good,Spare;;,LLDC Test #1;Fail;Good,LLDC Drift #1;Fail;Good,P2 Range Check (Boeing Only);Fail;Good,P7 Range Check ;Fail;Good,EPR Range Check ;Fail;Good,SSM;;,SSM;;,Parity (Odd);;,,,
351,01A,LOW,SDI;;,SDI;;,PAD;;,PAD;;,PAD;;,PAD;;,ARINC Transmitter;Fail;Good,RPX Drift;Fail;Good,RPX Test;Fail;Good,TLA Correl Test;Fail;Good,Resolver Test;Fail;Good,Resolver Drift;Fail;Good,EEC Discretes,,
351,02F,HIGH,AOX T/M W/A;Failed;Ok,Spare;;,WF Track Check;Failed;Ok,SVA Track Check;Failed;Ok,2.5 BLD Track Check;Failed;Ok,HCC Track Check;Failed;Ok,LCC Track Check;Failed;Ok,AOX Track Check;Failed;Ok,Reserved (Spare Track Check);;,SSM;;,SSM;;,Parity (Odd);;,,,
351,02F,LOW,SDI;;,SDI;;,PAD;;,PAD;;,PAD;;,Local ADC Inputs (Pri-Left,Sec-Right);Failed;Ok,Crosstalk ADC Inputs;Failed;Ok,WF T/M W/A;Failed;Ok,SVA T/M W/A;Failed;Ok,2.5 BLD T/M W/A;Failed;Ok,HCC T/M W/A;Failed;Ok,LCC T/M W/A;Failed;Ok,EEC Status,,
351,03F,HIGH,AOX T/M W/A ;Failed;Ok,Spare;;,WF Track Check;Failed;Ok,SVA Track Check;Failed;Ok,2.5 BLD Track Check;Failed;Ok,HCC Track Check;Failed;Ok,LCC Track Check;Failed;Ok,AOX Track Check;Failed;Ok,Reserved (Spare Track Check);;,SSM;;,SSM;;,Parity (Odd);;,,,
351,03F,LOW,SDI;;,SDI;;,PAD;;,PAD;;,PAD;;,Local ADC Inputs (Pri-Left,Sec-Right);Failed;Ok,Crosstalk ADC Inputs;Failed;Ok,WF T/M W/A;Failed;Ok,SVA T/M W/A;Failed;Ok,2.5 BLD T/M W/A;Failed;Ok,HCC T/M W/A;Failed;Ok,LCC T/M W/A;Failed;Ok,EEC Status,,
352,01A,HIGH,Pres Tem Inputs;Fail;Good,Latch Solenoid W/A;Fail;Good,Health Indicator W/A;Fail;Good,ROM Sum Test;Fail;Good,RAM Test;Fail;Good,Watchdog Timer;Fail;Good,Instruction Test;Fail;Good,Watchdog Resets;Fail;Good,Converter Reset;Fail;Good,SSM;;,SSM;;,Parity (Odd);;,,,
352,01A,LOW,SDI;;,SDI;;,PAD;;,PAD;;,PAD;;,PAD;;,EGT Loop Sel/Fail;Fail;Good,N2 ;Fail;Good,P7 Test ;Fail;Good,N2/P2 Test ;Fail;Good,T/M,D/A or Driver;Fail;Good,T/M "Undetermined";Fail;Good,EEC Discretes,,
352,02F,HIGH,Crosstalk TCA Valve Check;Failed;Ok,Spare;;,SDD Input from PDIU;Failed;Ok,N1 Sensor (Pri and Sec);Failed;Ok,PB Pneumatic Line;Failed;Ok,P4.9 Pneumatic Line;Failed;Ok,P2 Probe/Line;Failed;Ok,Fire Warm.Discrete Disagreement;Disagree;Ok,Data Entry Plug;Failed;Ok,SSM;;,SSM;;,Parity (Odd);;,,,
352,02F,LOW,SDI;;,SDI;;,PAD;;,PAD;;,PAD;;,DC Power Group 1;Failed;Ok,DC Power Group 2;Failed;Ok,Spare;;,EEC to PDIU SDD;Failed;Ok,PDIU Self Test;Failed;Ok,HCC T/M W/A ;Failed;Ok,Local TCA Valve (Pri-Left,Sec-Right);Failed;Ok,EEC Status,,
352,03F,HIGH,Crosstalk TCA Valve Check;Failed;Ok,Spare;;,SDD Input from PDIU;Failed;Ok,N1 Sensor (Pri and Sec);Failed;Ok,PB Pneumatic Line;Failed;Ok,P4.9 Pneumatic Line;Failed;Ok,P2 Probe/Line;Failed;Ok,Fire Warm.Discrete Disagreement;Disagree;Ok,Data Entry Plug;Failed;Ok,SSM;;,SSM;;,Parity (Odd);;,,,
352,03F,LOW,SDI;;,SDI;;,PAD;;,PAD;;,PAD;;,DC Power Group 1;Failed;Ok,DC Power Group 2;Failed;Ok,Spare;;,EEC to PDIU SDD;Failed;Ok,PDIU Self Test;Failed;Ok,HCC T/M W/A;Failed;Ok,Local TCA Valve (Pri-Left,Sec-Right);Failed;Ok,EEC Status,,
353,01A,HIGH,Probe Heat (Boeing 767 Only);Disagreement;Normal,Pressure Accuracy;Degraded;Normal,T/M Coil ;Yes;No,TCC Schedule     (Airbus  ;Default;Normal,Acft Pt Used     310.000  ;Yes;No,P2 Range Check     Only)  ;Failed;Good,TCA System ;Failed;Good,TCC System ;Failed;Good,System Trim ;Required;Okay,SSM;;,SSM;;,Parity (Odd);;,,,
353,01A,LOW,SDI;;,SDI;;,PAD;;,PAD;;,PAD;;,PAD;;,Spare;;,EGT Loop Disabled;Yes;No,Synth Altitude ;Yes;No,Synth Mach Number ;Yes;No,SDD"A" W/A ;Failure;Good,SDD"B" W/A ;Failure;Good,EEC Discretes,,
353,02F,HIGH,T oil Crosscheck;Failed;Ok,WF Feedback Crosscheck;Failed;Ok,SVA Feedback Crosscheck;Failed;Ok,2.5 BLD Feedback Crosscheck;Failed;Ok,HCC Feedback Crosscheck;Failed;Ok,LCC Feedback Crosscheck;Failed;Ok,Reverser Position Crosscheck;Failed;Ok,AOX Feedback Crosscheck;Failed;Ok,Thrust Lever Position Crosscheck;Failed;Ok,SSM;;,SSM;;,Parity (Odd);;,,,
353,02F,LOW,SDI;;,SDI;;,PAD;;,PAD;;,PAD;;,N1 Crosscheck;Failed;Ok,N2 Crosscheck;Failed;Ok,Spare;;,Spare;;,T2 Crosscheck;Failed;Ok,T2 Probe/ADC T2 Disagreement;Disagree;Ok,T fuel Crosscheck;Failed;Ok,EEC Status,,
353,03F,HIGH,T oil Crosscheck;Failed;Ok,WF Feedback Crosscheck;Failed;Ok,SVA Feedback Crosscheck;Failed;Ok,2.5 BLD Feedback Crosscheck;Failed;Ok,HCC Feedback Crosscheck;Failed;Ok,LCC Feedback Crosscheck;Failed;Ok,Reserver Position Crosscheck;Failed;Ok,AOX Feedback Crosscheck;Failed;Ok,Thrust Lever Position Crosscheck;Failed;Ok,SSM;;,SSM;;,Parity (Odd);;,,,
353,03F,LOW,SDI;;,SDI;;,PAD;;,PAD;;,PAD;;,N1 Crosscheck;Failed;Ok,N2 Crosscheck;Failed;Ok,Spare;;,Spare;;,T2 Crosscheck;Failed;Ok,T2 Probe/ADC T2 Disagreement;Disagree;Ok,T fuel Crosscheck;Failed;Ok,EEC Status,,
354,01A,HIGH,Spare;;,LLDC Test #2;Fail;Good,LLDC Drift #2;Fail;Good,TCC Stage I W/A;Fail;Good,TCC Stage II W/A;Fail;Good,TCC Stage III W/A;Fail;Good,Spare;;,Spare;;,Spare;;,SSM;;,SSM;;,Parity (Odd);;,,,
354,01A,LOW,SDI;;,SDI;;,PAD;;,PAD;;,PAD;;,PAD;;,TPT2 Temp Diode ;Fail;Good,TPT7 Temp Diode ;Fail;Good,;Fail;Good,T/M W/A`A Range Check;Fail;Good,T/M W/A`B Range Check;Fail;Good,Spare;;,EEC Discretes,,
354,02F,HIGH,Reserved (Spare Solenoid W/A);;,Oil Bypass Solenoid W/A;Failed;Ok,Reserved (Spare Relay W/A);;,T/L Interlock Relay W/A;Failed;Ok,Reserved (Spare Relay W/A);;,Spare;;,Group 1 Overcurrent Sense;Tripped;Ok,Group 2 Overcurrent Sense;Tripped;Ok,Spare;;,SSM;;,SSM;;,Parity (Odd);;,,,
354,02F,LOW,SDI;;,SDI;;,PAD;;,PAD;;,PAD;;,Rev Command Solenoid W/A;Failed;Ok,TCA Solenoid W/A;Failed;Ok,Reserved (Spare Solenoid W/A);;,Reserved (Spare Solenoid W/A);;,Reserved (Spare Relay W/A);;,14th Stage Bleed T/M W/A;Failed;Ok,Spare;;,EEC Status,,
354,03F,HIGH,Reserved (Spare Solenoid W/A);;,Oil Bypass Solenoid W/A;Failed;Ok,Reserved (Spare Relay W/A);;,T/L Interlock Relay W/A;Failed;Ok,Reserved (Spare Relay W/A);;,Spare;;,Group 1 Overcurrent Sense;Tripped;Ok,Group 2 Overcurrent Sense;Tripped;Ok,Spare;;,SSM;;,SSM;;,Parity (Odd);;,,,
354,03F,LOW,SDI;;,SDI;;,PAD;;,PAD;;,PAD;;,Rev Command Solenoid W/A;Failed;Ok,TCA Solenoid W/A;Failed;Ok,Reserver (Spare Solenoid W/A);;,Reserved (Spare Solenoid W/A);;,Reserved (Spare Relay W/A);;,14th Stage Bleed T/M W/A;Failed;Ok,Spare;;,EEC Status,,
035,002,LOW,SDI;;,SDI;;,DME MODE;;,DME MODE;;,DME MODE;;,ILS FREQ;;,MLS FREQ;;,DISPLAY;;,IDENT;;,,,,DME FREQ,,
035,002,HIGH,,,,,,,,,,,,,,,
034,002,LOW,SDI;;,SDI;;,SPARE;;,SPARE;;,SPARE;;,ILS MODE;ILS;VOR,,,,,,,VOR/ILS FREQ,,
034,002,HIGH,,,,,,,,,,,,,,,
273,035,LOW,Pad;;,Pad;;,Pad;;,ARA;41,ARA;42,ARA;43,ARA;44,ARA;45,ARA;46,ARA;47,ARA;48,ARA;49,TCAS Output Discrete,,
272,002,HIGH,Pad;;,Pad;;,Pad;;,Pad;;,Pad;;,Pad;;,Pad;;,1500 FPM Climb Limit;Cannot Climb;Can Climb,2500 FPM Climb Limit;Cannot Climb;Can Climb,SSM;;,SSM;;,Parity (Odd);;,,,
271,018,HIGH,HSB;57,HSB;58,HSB;59,HSB;60,VSB;61,VSB;62,VSB;63,VSB;64,Pad;;,SSM;;,SSM;;,Parity (Odd);;,,,
273,018,LOW,Pad;;,Pad;;,Pad;;,Pad;;,Pad;;,Pad;;,Pad;;,Pad;;,Pad;;,Pad;;,Pad;;,Pad;;,TCAS Mode S Ground Uplink,,
272,018,HIGH,MID BIT A12;76,MID BIT A13;77,MID BIT A14;78,MID BIT A15;79,MID BIT A16;80,Pad;;,Pad;;,Pad;;,Pad;;,SSM;;,SSM;;,Parity (Odd);;,,,
273,018,HIGH,Pad;;,SLC;41,SLC;42,SLC;43,SLC;44,IIS;17,IIS;18,IIS;19,IIS;20,SSM;;,SSM;;,Parity (Odd);;,,,
275,018,HIGH,BIT  A8;;,BIT  A9;;,BIT  A10;;,BIT  A11;;,BIT  A12;;,BIT  A13;;,BIT  A14;;,BIT  A15;;,BIT  A16;;,SSM;;,SSM;;,Parity (Odd);;,,,
277,018,LOW,Pad;;,Pad;;,Pad;;,Pad;;,Pad;;,Pad;;,Pad;;,Pad;;,Pad;;,Pad;;,Pad;;,Pad;;,Acknowledgement (ACK/NAK) Discrete,,
276,018,HIGH,;14,Maximum;15,Airspeed;16,;17,Pad;;,Pad;;,Pad;;,Pad;;,Pad;;,SSM;;,SSM;;,Parity (Odd);;,,,
277,018,HIGH,Pad;;,Pad;;,Pad;;,Pad;;,Pad;;,Pad;;,Pad;;,Pad;;,ACK/NAK;ACK;NAK,SSM;;,SSM;;,Parity (Odd),,,
275,018,LOW,Pad;;,Pad;;,Pad;;,Pad;;,Pad;;,BIT  A1;;,BIT  A2;;,BIT  A3;;,BIT  A4;;,BIT  A5;;,BIT  A6;;,BIT  A7;;,TCAS Control Discrete,,
274,018,HIGH,Pad;;,Pad;;,Pad;;,Pad;;,Pad;;,Pad;;,Pad;;,Pad;;,Pad;;,SSM;;,SSM;;,Parity (Odd);;,,,
271,035,LOW,;;,;;,;;,;;,;;,;;,;;,;;,;;,;;,;;,;;,TCAS Horizontal RA Data Discrete,,
270,035,HIGH,Vertical Control;;,Vertical Control;;,Vertical Control;;,Up Advisory;;,Up Advisory;;,Up Advisory;;,Down Advisory;;,Down Advisory;;,Down Advisory;;,SSM;;,SSM;;,Parity (Odd),,,
271,035,HIGH,;;,;;,;;,;;,;;,;;,;;,;;,;;,;;,;;,Parity (Odd);;,,,
273,035,HIGH,ARA;50,ARA;51,ARA;52,ARA;53,ARA;54,RCA;55,RCA;56,RCA;57,RCA;58,SSM;;,SSM;;,Parity (Odd);;,,,
274,035,HIGH,Pad;;,Pad;;,SL;9,SL;10,SL;11,RI;14,RI;15,RI;16,RI;17,SSM;;,SSM;;,Parity (Odd);;,,,
275,035,HIGH,Pad;;,Pad;;,Pad;;,Pad;;,Pad;;,Pad;;,Pad;;,Pad;;,ACK/NAK;ACK;NAK,SSM;;,SSM;;,Parity (Odd),,,
016,0B8,LOW,SDI;;,SDI;;,Altitude Reporting;OFF;ON,SPI;Ident ON;Ident OFF,Display;;,Control;;,Sensitivity;;,Level;;,Control;;,D1;;,D2;;,D4;;,Control Word For TCAS,,
013,0B8,HIGH,Mode;;,0.5;;,1.0;;,Selected  2.0;;,TCAS      4.0;;,Range     8.0;;,(NM)     16.0;;,32.0;;,64.0;;,SSM;;,SSM;;,Parity (Odd);;,,,
161,10A,LOW,SDI;;,SDI;;,Pad;;,Pad;;,Pad;;,Pad;;,Pad;;,Pad;;,Pad;;,Pad;;,Pad;;,Pad;;,Full Authority Engine Control Maintenance Discretes,,
016,0B8,HIGH,C1;;,C2;;,C4;;,B1;;,B2;;,B4;;,A1;;,A2;;,A4;;,SSM;;,SSM;;,Parity (Odd);;,,,
161,10B,LOW,SDI;;,SDI;;,Pad;;,Pad;;,Pad;;,Pad;;,Pad;;,Pad;;,Pad;;,Pad;;,Pad;;,Pad;;,Full Authority Engine Control Maintenance Discretes,,
161,10B,HIGH,Pad;;,Screen ID;;,Screen ID;;,Screen ID;;,Screen ID;;,Screen ID;;,Screen ID;;,Screen ID;;,Screen ID;;,SSM;;,SSM;;,Parity (Odd);;,,,
161,10A,HIGH,Pad;;,Screen ID;;,Screen ID;;,Screen ID;;,Screen ID;;,Screen ID;;,Screen ID;;,Screen ID;;,Screen ID;;,SSM;;,SSM;;,Parity (Odd);;,,,
350,114,HIGH,Fuel Density (0.01's);;,Fuel Density (0.01's);;,Fuel Density (0.1's);;,Fuel Density (0.1's);;,Fuel Density (0.1's);;,Fuel Density (0.1's);;,Tank Ident;;,Tank Ident;;,Tank Ident;;,SSM;;,SSM;;,Parity (Odd);;,,,
351,114,HIGH,Probe Capacitance (10's);;,Probe Capacitance (10's);;,Probe Capacitance (100's);;,Probe Number (1's);;,Probe Number (1's);;,Probe Number (1's);;,Probe Number (1's);;,Probe Number (10's);;,Probe Number (10's);;,SSM::,SSM;;,Parity (Odd);;,,,
350,115,LOW,LSB;;,AGC (X 1/256 FULL SCALE);;,AGC (X 1/256 FULL SCALE);;,AGC (X 1/256 FULL SCALE);;,AGC (X 1/256 FULL SCALE);;,AGC (X 1/256 FULL SCALE);;,AGC (X 1/256 FULL SCALE);;,MSB;;,CPU;Fail;K,RAM;Fail;OK,ROM;Fail;OK,2 PORT RAM;Fail;OK,TACAN Discrete,,
352,114,HIGH,Probe Capacitance (10's);;,Probe Capacitance (10's);;,Probe Capacitance (100's);;,Probe Number (1's);;,Probe Number (1's);;,Probe Number (1's);;,Probe Number (1's);;,Probe Number (10's);;,Probe Number (10's);;,SSM;;,SSM;;,Parity (Odd);;,,,
270,115,LOW,SEL;TACAN 1;TACAN 2,MEM;IN BEARING MEMORY;NO BEARING MEMORY,MEM;IN RANGE MEMORY;NO RANGE MEMORY,Pad;;,Pad;;,Pad;;,MLS;;,MODE;;,CHAN;;,CHAN;;,X 1 BCD;;,X 1 BCD;;,TACAN Discrete,,
353,114,HIGH,Probe Capacitance (10's);;,Probe Capacitance (10's);;,Probe Capacitance (100's);;,Probe Number (1's);;,Probe Number (1's);;,Probe Number (1's);;,Probe Number (1's);;,Probe Number (10's);;,Probe Number (10's);;,SSM;;,SSM;;,Parity (Odd);;,,,
270,115,HIGH,CHAN;;,CHAN;;,X10 HEX;;,X10 HEX;;,TST;TEST;NO TEST,X/Y;X;Y,MODE;;,MODE;;,INT;NORMAL;INV,AGC;EN;DIS,STAT;NO COMPUTED DATA;VALID DATA,Parity (Odd);;,,,
350,115,HIGH,2 PORT DATA;Fail;OK,NOVRAM;Fail;OK,SYNTHESIZER;Fail;OK,RECIEVER:Fail;OK,POWER SUPPLY;Fail;OK,XMIT POWER;Fail;OK,AUDIO;Fail;OK,POWER UP;Fail;OK,SUPPRESSION;Present;Not Present,D/A;Fail;OK,TACAN FAIL;Fail;OK,Parity (Odd),,,
272,018,LOW,TCAS Broadcast Bit,MID BIT A 1;65,MID BIT A 2;66,MID BIT A 3;67,MID BIT A 4;68,MID BIT A 5;69,MID BIT A 6;70,MID BIT A 7;71,MID BIT A 8;72,MID BIT A 9;73,MID BIT A10;74,MID BIT A11;75,TCAS Coordination Discrete,,
270,004,HIGH,Align Fault;Yes;No,No IRS Initialization;Yes;No,EXCESSIVE MOTION ERROR;Yes;No,ADC/IRU Fault;Yes;No,No VOR/DME NO.1 Input:Yes;No,Align Status;;,Align Status;;,Align Status;;,No VOR/DME No.2 Input;Yes;No,SSM;;,SSM;;,Parity (Odd);;,,,
271,005,LOW,SDI;;,SDI;;,MSU Fail;Yes;No,RMCU Fail;Yes;No,Spare;;,Spare;;,Spare;;,Spare;;,Spare;;,Spare;;,Spare;;,Spare;;,AHRS Discrete,,
274,035,LOW,Pad;;,Pad;;,Pad;;,Pad;;,Pad;;,Pad;;,Pad;;,Pad;;,Pad;;,Pad;;,Pad;;,Pad;;,TCAS Output Discrete,,
270,005,HIGH,IRS Use;;,IRS Use;;,IRS Use;;,IRS Use;;,No VOR/DME #1 Input;Yes;No,IRS Use;;,IRS Use;;,IRS Use;;,No VOR/DME #2 Input;Yes;No,SSM;;,SSM;;,Parity (Odd);;,,,
275,035,LOW,Pad;;,Pad;;,Pad;;,Pad;;,Pad;;,Pad;;,Pad;;,Pad;;,Pad;;,Pad;;,Pad;;,Pad;;,TCAS To Transponder,,
271,005,HIGH,Spare;;,Spare;;,Spare;;,Spare;;,Spare;;,Spare;;,Spare;;,Spare;;,Spare;;,SSM;;,SSM;;,Parity (Odd);;,,,
145,A10,HIGH,G/S Mode Oper.;Requested;Not Requested,Flare Oper.;Requested;Not Requested,Rollout Mode Oper.;Requested;Not Requested,G/A Mode Oper.;Requested;Not Requested,Not Used;;,Not Used;;,Not Used;;,Not Used;;,NOt Used;;,SSM;;,SSM;;,Parity (Odd);;,,,
146,A10,HIGH,Glide Excess Beam Dev.;Requested;Not Requested,Auto G/A Not Available;Requested;Not Requested,Engine Out Compensation Not Avail.;Requested;Not Requested,Unassigned;;,Align FW;Requested;Not Requested,Land 3 FW;Requested;Not Requested,Warning Inhibit;Requested;Not Requested,Unassigned;;,A/P CMD Warning;Requested;Not Requested,SSM;;,SSM;;,Parity (Odd);;,,,
272,002,LOW,SDI BIT 0;;,SDI BIT 1;;,Enable;;,100;;,Climb       200;;,Rate        400;;,Performance 800;;,Limit       1600;;,3200;;,Pad;;,Pad;;,Pad;;,FMC Discretes,,
271,018,LOW,MTB;42,CVC;43,CVC;44,VRC;45,VRC;46,CHC;47,CHC;48,CHC;49,HRC;50,HRC;51,HRC;52,HSB;56,TCAS Coordination Discrete,,
270,001,HIGH,Appr.II Own;Requested;Not Requested,Land II Own;Requested;Not Requested,Land III Own;Requested;Not Requested,FCC FW;Requested;Not Requested,AHRS I Validity;Requested;Not Requested,NI Command;Requested;Not Requested,ARM TCC Command;Requested;Not Requested,SPD/Mach Command;Requested;Not Requested,TBD;;,SSM;;,SSM;;,Parity (Odd);;,,,
270,001,LOW,SDI;;,SDI;;,Glide Capt. ID;Requested;Not Requested,LOC Capt. Cond;Requested;Not Requested,LOC Trk. COM.;Requested;Not Requested,LOC Trk. Mon.;Requested;Not Requested,700 Ft. Com.;Requested;Not Requested,700 Ft. Mon.;Requested;Not Requested,Flare Cond.Com.;Requested;Not Requested,Flare Cond.Mon.;Requested;Not Requested,CWS L.D. Pitch;Requested;Not Requested,CWS L.D> Roll;Requested;Not Requested,FCC General Discrete Word,,
270,004,LOW,SDI,SDI,Align Mode/Not Ready;Yes;No,Reversionary Attitude Mode;Yes;No,Normal Mode;Yes;No,Set Heading;Yes;No,Attitude Invalid;Yes;No,DC Fail (Low);Yes;No,ON DC;Yes;No,ADC Fault;Yes;No,IRU Fault;Yes;No,DC Fail-ON DC;Yes;No,IRS Discrete,,
270,005,LOW,SDI;;,SDI;;,Align Mode/Not Ready;Yes;No,Reversionary Attitude Mode;Yes;No,Normal Mode;Yes;No,Magnetic Heading/DG Mode;Yes;No,Attitude Invalid;Yes;No,Low Battery(Not used In AHRS);Yes;No,ON Battery;Yes;No,TAS Invalid;Yes;No,AHRU Fault;Yes;No,IRS Use;;,AHRS Discrete,,
274,018,LOW,MID BIT A17;81,MID BIT A18;82,MID BIT A19;83,MID BIT A20;84,MID BIT A21;85,MID BIT A22;86,MID BIT A23;87,MID BIT A24;88,Pad;;,Pad;;,Pad;;,Pad;;,TCAS Coordination Discrete,,
276,018,LOW,Auarl Advisory Cancel and Visual Annunciator;Cancel;Normal,R1 Echo;;,Pad;;,Pad;;,BIT  A17;81,BIT  A18;82,BIT  A19;83,BIT  A20;84,BIT  A21;85,BIT  A22;86,BIT  A23;87,BIT  A24;88,TCAS Control Discrete,,
270,035,LOW,SDI BIT 0,SDI BIT 1,100ft/min;;,200ft/min;;,Advisory  400ft/min;;,Altitude  800ft/min;;,Rate     1600ft/min;;,3200ft/min;;,Sign;;,Combined Control;;,Combined Control;;,Combined Control;;,TCAS Vertical RA Data Discrete,,
013,0B8,LOW,SDI (MSB);;,SDI (LSB);;,Flight Level;Absolute;Relative,Altitude Select;;,Altitude Select;;,Spare;;,Spare;;,Spare;;,Spare;;,User;;,Defined;;,TCAS Display;;,Control Word For TCAS,,
350,114,LOW,SDI;;,SDI;;,Fuel Density (0.0001's);;,Fuel Density (0.0001's);;,Fuel Density (0.0001's);;,Fuel Density (0.0001's);;,Fuel Density (0.001's);;,Fuel Density (0.001's);;,Fuel Density (0.001's);;,Fuel Density (0.001's);;,Fuel Density (0.01's);;,Fuel Density (0.01's);;,Fuel Unit Management System Discrete,,
351,114,LOW,SDI;;,SDI;;,Probe Capacitance (0.1's);;,Probe Capacitance (0.1's);;,Probe Capacitance (0.1's);;,Probe Capacitance (0.1's);;,Probe Capacitance (1's);;,Probe Capacitance (1's);;,Probe Capacitance (1's);;,Probe Capacitance (1's);;,Probe Capacitance (10's);;,Probe Capacitance (10's);;,Fuel Unit Management System Discretes,,
352,114,LOW,SDi;;,SDI;;,Probe Capacitance (0.1's);;,Probe Capacitance (0.1's);;,Probe Capacitance (0.1's);;,Probe Capacitance (0.1's);;,Probe Capacitance (1's);;,Probe Capacitance (1's);;,Probe Capacitance (1's);;,Probe Capacitance (1's);;,Probe Capacitance (10's);;,Probe Capacitance (10's);;,Fuel Unit Management System Discretes,,
353,114,LOW,SDI;;,SDI;;,Probe Capacitance (0.1's);;,Probe Capacitance (0.1's);;,Probe Capacitance (0.1's);;,Probe Capacitance (0.1's);;,Probe Capacitance (1's);;,Probe Capacitance (1's);;,Probe Capacitance (1's);;,Probe Capacitance (1's);;,Probe Capacitance (10's);;,Probe Capacitance (10's);;,Fuel Unit Management System Discretes,,
145,A10,LOW,Unassigned;;,Unassigned;;,A/P CWS R Engaged;Requested;Not Requested,A/P CWS L Engaged;Requested;Not Requested,A/P CWS C Engaged;Requested;Not Requested,A/P CMD R Engaged;Requested;Not Requested,A/P CMD L Engaged;Requested;Not Requested,A/P CMD C Engaged;Requested;Not Requested,Land 2 (Green);Requested;Not Requested,Land 3 (Green);Requested;Not Requested,LOC Mode Oper.;Requested;Not Requested,Appr. Mode Req.;Requested;Not Requested,FCC Control Panel Status Discrete (Triplex),,
146,A10,LOW,Unassigned;;,Unassigned;;,A/P CWS;Requested;Not Requested,A/P CMD;Requested;Not Requested,Capt. F/D Eng.;Requested;Not Requested,Land Trk;Requested;Not Requested,ATS Warn.;Requested;Not Requested,ILS Cat.2 Available;Requested;Not Requested,Cat.2 Autoland Avail.;Requested;Not Requested,Cat.3 Autoland Avail.;Requested;Not Requested,LOC Excess Beam Dev.;Requested;Not Requested,F/O F/D Eng.;Requested;Not Requested,FCC Control Panel Status Discrete (Dual-Dual),,
213,343,LOW,SDI     1 VOR1    0 VOR2    1 MKR,SDI     0 VOR1    1 VOR2    1 MKR,pad;;,pad;;,pad;;,pad;;,pad;;,pad;;,VOR/MKR (B0) ;; 1,VOR/MKR (B1) ;; 2,VOR/MKR (B2) ;; 4,VOR/MKR (B3) ;; 8,VOR1,2 / MKR,,
010,343,LOW,pad;;,pad;;,pad;;B0,pad;;B1,pad;;B2,pad;;B3,pad;;,pad;;,pad;;,pad;;,pad;;,pad;;,AMU TX,,
300,343,LOW,pad;;,pad;;,pad;;,pad;;,pad;;,pad;;,pad;;,pad;;,pad;;,pad;;,pad;;,pad;;,STATUS RQT,,
211,343,LOW,SDI   1 HF1    0 HF2,SDI   0 HF1    1 HF2,pad;;,pad;;,pad;;,pad;;,pad;;,pad;;,HF(B0) ;;1,HF(B1) ;;2,HF(B2) ;;4,HF(B3) ;;8,,,
227,000,HIGH,B21,B22,B23,B24,B25,B26,B27,B28,B29,B30,B31,B32,,,
037,00E,LOW,,,,,,,,,,,,,,,
,,HIGH,,,,,,,,,,,,,,,
035,0B1,HIGH,B21;;,B22;;,B23;;,B24;;,B25;;,B26;;,B27;;,B28;;,B29;;,B30;;,B31;;,B32;;,DME,,
,,LOW,,,,,,,,,,,,,,,
220,343,LOW,pad;;,pad;;,pad;;,pad;;,pad;;,pad;;,pad;;,pad;;,pad;;,pad;;,pad;;,pad;;,MLS,,
300,343,HIGH,pad;;,pad;;,pad;;,pad;;,pad;;,pad;;,pad;;,pad;;,pad;;,pad;;,pad;;,parity(odd),STATUS RQT,,
024,0B1,HIGH,B21;;,B22;;,B23;;,B24;;,B25;;,B26;;,B27;;,B28;;,B29;;,B30;;,B31;;,B32;;,COURSE,,
,,LOW,,,,,,,,,,,,,,,
210,343,HIGH,VHF (B4);;16,VHF (B5);;32,VHF (B6);;64,VHF (B7);;128,CHANNEL PB;OUT(ON);IN(OFF),VOICE SW ON ;(ON);,RESET ;(RESET);,pad;;,pad;;,VOICE SW OFF ;(OFF);,PAD;;,parity (odd);;,,,
,,,,,,,,,,,,,,,,,
034,0B1,LOW,B9;;,B10;;,B11;;,B12;;,B13;;,B14;;,B15;;,B16;;,B17;;,B18;;,B19;;,B20;;,VOR FREQUENCY,,
210,343,LOW,SDI    1 VHF1   0 VHF2   1 VHF3,SDI    0 VHF1   1 VHF2   2 VHF3,pad;;,pad;;,pad;;,pad;;,RADIO;;,INTER;;,VHF (B0);;1,VHF (B1);;2,VHF (B2);;4,VHF (B3);;8,,,
034,0B1,HIGH,B21;;,B22;;,B23;;,B24;;,B25;;,B26;;,B27;;,B28;;,B29;;,B30;;,B31;;,B32;;,VOR FREQUENCY,,
,,HIGH,,,,,,,,,,,,,,,
212,343,LOW,SDI    1 ADF1   0 ADF2   1 PA,SDI    0 ADF1   1 ADF2   1 PA,pad;;,pad;;,pad;;,pad;;,pad;;,pad;;,ADF/PA (B0) ;;1,ADF/PA (B1) ;;2,ADF/PA (B2) ;;4,ADF/PA (B3) ;;8,ADF1,ADF2,PA,,
212,343,HIGH,ADF/PA (B4) ;;16,ADF/PA (B4) ;;32,ADF/PA (B5) ;;64,ADF/PA (B6) ;;128,CHANNEL PB ; OUT(ON) ; IN(OFF),VOICE SW ON ; (ON);,RESET ; (RESET);,pad;;,pad;;,VOICE SW OFF ; (OFF);,pad;;,parity (odd);;,ADF1,2 / PA,,
220,343,HIGH,pad;;,pad;;,pad;;,pad;;,pad;;,pad;;,pad;;,pad;;,pad;;,pad;;,pad;;,parity(odd);;,MLS,,
035,0B1,LOW,B9;;,B10;;,B11;;,B12;;,B13;;,B14;;,B15;;,B16;;,B17;;,B18;;,B19;;,B20;;,DME,,
215,343,LOW,SDI     1 INT   0 CAB,SDI     0 INT   1 CAB,pad;;,pad;;,pad;;,pad;;,pad;;,pad;;,INT / CAB (B0) ;; 1,INT / CAB (B1) ;; 2,INT / CAB (B2) ;; 4,INT / CAB (B3) ;; 8,INT / CAB,,
217,343,LOW,pad;;,pad;;,pad;;,pad;;,pad;;,pad;;,pad;;,pad;;,ILS (B0) ;; 1,ILS (B1) ;; 2,ILS (B2) ;; 4,ILS (B3) ;; 8,ILS,,
217,343,HIGH,ILS (B4) ;; 16,ILS (B5) ;; 32,ILS (B6) ;; 64,ILS (B7) ;; 128,CHANNEL PB ; OUT(ON) ; IN(OFF),VOICE SW ; VOICE ON ;,RESET SW ; RESET KEY PRESSED ;,pad;,pad;,VOICE SW ; VOICE OFF;,pad;;,parity(odd);;,ILS,,
024,0B1,LOW,B9;;,B10;;,B11;;,B12;;,B13;;,B14;;,B15;;,B16;;,B17;;,B18;;,B19;;,B20;;,COURSE,,
215,343,HIGH,INT / CAB (B4) ;; 16,INT / CAB (B5) ;; 32,INT / CAB (B6) ;; 64,INT / CAB (B7) ;; 128,CHANNEL PB ; OUT(ON) ; IN (OFF),VOICE SW ; VOICE ON;,RESET SW ; RESET SW PRESSED;,pad;;,pad;;,VOICE SW ; VOICE OFF;,pad;;,parity(odd);;,INT / CAB,,
210,000,HIGH,VHF2(B3);;8,VHF2(B4);;16,VHF2(B5);;32,VHF3(B0);;1,VHF3(B1);;2,VHF3(B2);;4,VHF3(B3);;8,VHF3(B4);;16,VHF3(B5);;32,,,PARITY,,,
211,343,HIGH,HF(B4) ;;16,HF(B5) ;;32,HF(B6) ;;54,HF(B7) ;;128,CHANNEL PB;OUT(ON);IN(OFF),VOICE SW ON ; (ON);,RESET ; (RESET);,pad;;,pad;;,VOICE SW OFF ; (OFF);,pad;;,parity (odd);;,,,
213,343,HIGH,VOR/MKR (B4) ;; 16,VOR/MKR (B5) ;; 32,VOR/MKR (B6) ;; 64,VOR/MKR (B7) ;; 128,CHANNEL PB ; OUT(ON) ; IN(OFF),VOICE SW ON ; VOICE ON,RESET ; (RESET) ;,pad;;,pad;;,VOICE SW OFF; VOICE OFF,pad;;,parity(odd);;,VOR1,2 / MKR,,
301,343,LOW,pad;;,pad;;,RESET VHF1;VHF1 RESET KEY PRESSED,RESET VHF2;VHF2 RESET KEY PRESSED,RESET HF1;HF1 RESET KEY PRESSD,RESET PA;PA RESET KEYPRESSED,MECH CALL;MECH CALLED,ATT CALL;ATT CALLED,pad;;,pad;;,pad;;,pad;;,AMU TO ACP,,
301,343,HIGH,pad;;,pad;;,pad;;,pad;;,VHF1 CALL;VHF1 CALLED,VHF2 CALL;VHF2 CALLED,VHF3 CALL;VHF3 CALLED,HF1 CALL;HF1 CALLED,HF2 CALL;HF2 CALLED,pad;;,pad;;,parity(odd);;,AMU TO ACP,,
100,0B1,HIGH,B21;;,B22;;,B23;;,B24;;,B25;;,B26;;,B27;;,B28;;,B29;;,B30;;,B31;;,B32;;,COURSE (OCTAL),,
100,0B1,LOW,B9;;,B10;;,B11;;,B12;;,B13;;,B14;;,B15;;,B16;;,B17;;,B18;;,B19;;,B20;;,COURSE (OCTAL),,
211,000,HIGH,HF2(B3);;8,HF2(B4);;16,HF2(B5);;32,COMM6(B0);;1,COMM6(B1);;2,COMM6(B2);;4,COMM6(B3);;8,COMM6(B4);;16,COMM6(B5);;32,,,PARITY,,,
211,000,LOW,,,,HF1(B0);;1,HF1(B1);;2,HF1(B2);;4,HF1(B3);;8,HF1(B4);;16,HF1(B5);;32,HF2(B0);;1,HF2(B1);;2,HF2(B2);;4,HF1          HF2          COMM6,,
212,000,HIGH,ADF2(B3);;8,ADF2(B4);;16,ADF2(B5);;32,PA(B0);;1,PA(B1);;2,PA(B2);;4,PA(B3);;8,PA(B4);;16,PA(B5);;32,,,PARITY,,,
212,000,LOW,,,,ADF1(B0);;1,ADF1(B1);;2,ADF1(B2);;4,ADF1(B3);;8,ADF1(B4);;16,ADF1(B5);;32,ADF2(B0);;1,ADF2(B1);;2,ADF2(B2);;4,ADF1          ADF2          PA,,
213,000,HIGH,VOR2(B3);;8,VOR2(B4);;16,VOR2(B5);;32,MKR(B0);;1,MKR(B1);;2,MKR(B2);;4,MKR(B3);;8,MKR(B4);;16,MKR(B5);;32,,,PARITY,,,
213,000,LOW,,,,VOR1(B0);;1,VOR1(B1);;2,VOR1(B2);;4,VOR1(B3);;8,VOR1(B4);;16,VOR1(B5);;32,VOR2(B0);;1,VOR2(B1);;2,VOR2(B2);;4,VOR1          VOR2          MKR,,
221,000,HIGH,B21;RT POSITION,B22,B23;RT POSITION,B24,B25,B26,B27,B28,B29,B30,B31,B32,,,
215,000,HIGH,COMM7(B3);;8,COMM7(B4);;16,COMM7(B5);;32,CABIN(B0);;1,CABIN(B1);;2,CABIN(B2);;4,CABIN(B3);;8,CABIN(B4);;16,CABIN(B5);;32,,,PARITY,,,
215,000,LOW,,,,FLIGHT(B0);;1,FLIGHT(B1);;2,FLIGHT(B2);;4,FLIGHT(B3);;8,FLIGHT(B4);;16,FLIGHT(B5);;32,COMM7(B0);;1,COMM7(B1);;2,COMM7(B2);;4,FLIGHT          COMM7          CABIN,,
217,000,HIGH,ILS2(B3);;8,ILS2(B4);;16,ILS2(B5);;32,ILS3(B0);;1,ILS3(B1);;2,ILS3(B2);;4,ILS3(B3);;8,ILS3(B4);;16,ILAS3(B5);;32,,,PARITY,,,
217,000,LOW,,,,ILS1(B0);;1,ILS1(B1);;2,ILS1(B2);;4,ILS1(B3);;8,ILS1(B4);;16,ILS1(B5);;32,ILS2(B0);;1,ILS2(B1);;2,ILS2(B2);;4,ILS1          ILS2          ILS3,,
221,000,LOW,B9,B10,B11;VHF1   SELECTED,B12;VHF2   SELECTED,B13;VHF3   SELECTED,B14;HF1    SELECTED,B15;HF2    SELECTED,B16;PA  DOWN (B21,23 => 1),B17,B18,B19;CAB.MIC  (B21,23 => 1),B20,MIC.SELCT,,
226,000,HIGH,SPKR(B3);;8,SPKR(B4);;16,SPKR(B5);;32,SPARE,SPARE,SPARE,SPARE,SPARE,SPARE,,,PARITY,,,
226,000,LOW,,,,SPARE,SPARE,SPARE,SPARE,SPARE,SPARE,SPKR(B0);;1,SPKR(B1);;2,SPKR(B2);;4,SPARE          SPKR          SPARE,,
210,000,LOW,,,,VHF1(B0);;1,VHF1(B1);;2,VHF1(B2);;4,VHF1(B3);;8,VHF1(B4);;16,VHF1(B5);;32,VHF2(B0);;1,VHF2(B1);;2,VHF2(B2);;4,VHF1          VHF2          VHF3,,
227,000,LOW,B9,B10,B11;VOICE OUT,B12;VOICE IN,B13,B14,B15,B16,B17,B18,B19,B20,VOICE/IDENT,,
227,0B6,HIGH,SPARE;;,SPARE;;,SPARE;;,SPARE;;,SPARE;;,SPARE;;,SPARE;;,SPARE;;,SPARE;;,SSM;;,SSM;;,PARITY (ODD);;,VHF-700B LABEL 227,,
35,0B1,LOW,D9,D10,D11,D12,D13,D14,D15,D16,D17,D18,D19,D20,DME,,
350,0B6,LOW,SDI;;,SDI;;,TRANSEIVER ;FAILED;OK,ANTENNA ;FAILED;OK,CFDIU INPUT ;FAILED;OK,SOURCE SELECTION;A;B,INPUT DATA ;FAILED;OK,SPARE;;,SPARE;;,SPARE;;,SPARE;;,SPARE;;,VHF-700B   FAULT SUMMARY,,
227,0B6,LOW,SDI;;,SDI;;,Equipment Code(16 Hex);;,Equipment Code(16 Hex);;,Equipment Code(16 Hex);;,Equipment Code(16 hex);;,Equipment Code(16 Hex);;,Equipment Code(16 Hex);;,Equipment Code(16 Hex);;,Equipment Code(16 Hex);;,SPARE(SET TO ZERO);;,SPARE;;,VHF-700B LABEL 227,,
,,LOW,,,,,,,,,,,,,,,
350,0B6,HIGH,SPARE;;,SPARE;;,SPARE;;,SPARE;;,SPARE;;,SPARE;;,SPARE;;,BITE TEST INHIBIT;FAILED;OK,COMMAND WORD acknowledge;FAILED;OK,SSM;NCD;NML,SSM;NCD;NML,PARITY (ODD) ;;,VHF-700B   FAULT SUMMARY,,
356,0B6,HIGH,Menu Character N-1;;,Menu Character N-1;;,Menu Character N-1;;,Pad(set to zero);;,Menu Character N;;,Menu Character N;;,Menu Character N;;,Menu Character N;;,Menu Character N;;,Menu Character N;;,Menu Character N;;,Parity (Odd);;,VHF-700B Character Data Word,,
356,0B6,LOW,Block Word Count;;,Spare;;,Spare;;,Spare;;,Spare;;,Spare;;,Block Word Count;;,Pad(Set to zero);;,Pad(Set to zero);;,fail is;Internal;External,Pad(Set to zero);;,Class III ;Failed;Ok,VHF-700B Initial Record Word,700,1000
356,0B6,HIGH,Class I,II,III(Internal or External);Current Failed;ok,BITE History;an Int.or Ext.Fail in the 63 last flight;ok,Message type;;,Message type detect;Failed;ok,STX Character;;,STX Character;;,STX Character;;,STX Character;;,STX Character;;,STX Character;;,STX Character;;,Parity (odd);;,VHF-700B Initial Record Word,700,1000
,,LOW,SDI;;,SDI;;,,,,,,,VHF2 CALL;VHF2 CALLED,,,,,,
,,HIGH,,,,,,,,,,,,,,,
,,HIGH,,,,,,,,,,,,,,,
,,HIGH,,,,,,,,,,,,,,,
356,0B6,LOW,Menu Character N-2;;,Menu Character N-2;;,Menu Character N-2;;,Menu Character N-2;;,Menu Character N-2;;,Menu Character N-2;;,Menu Character N-2;;,Pad (Set to zero);;,Menu Character N-1;;,Menu character N-1;;,Menu Character N-1;;,Menu Character N-1;;,VHF-700B Character Data Word,,
270,344,HIGH,Tilt(B4);+4;0,Tilt(B5);+8;0,Tilt(B6);-16;0,Gain(B0);;( -1 ),Gain(B1);;( -2 ),Gain(B2);;( -4 ),Gain(B3);;( -8 ),Gain(B4);;(-16 ),Gain(B5);;(-32 ),MATRIX(B0);;,MATRIX(B1);;,,,,
270,344,LOW,SDI;;,SDI;;,Reduced Sector scan angle ;REDUCED SECTOR SCAN;NORMAL,Anticlutter ;ON;NORMAL,STABILIZATION ;ON;OFF,pad ;;,pad ;;,pad ;;,Tilt(B0);+0.25;0,Tilt(B1);+0.5;0,Tilt(B2);+1;0,Tilt(B3);+2;0,,,
,,HIGH,,,,,,,,,,,,,,,
,,LOW,,,,,,,,,,,,,,,
037,00E,HIGH,HF(B4);;16,HF(B5);;32,HF(B6);;64,HF(B7);;128,,,,,,,,PARITY;;,HF RECEIVER,,
034,00E,HIGH,VOR/ILS(B4);;16,VOR/ILS(B5);;32,VOR/ILS(B6);;64,VOR/ILS(B7);;128,,,,,,,,PARITY;;,VOR/ILS RECEIVER,,
030,00E,HIGH,VHF(B4);;16,VHF(B5);;32,VHF(B6);;64,VHF(B7);;128,,,,,,,,PARITY;;,VHF RECEIVER,,
030,00E,LOW,SDI;;,SDI;;,,,,INT; UP,RAD; DOWN,VOICE PB;IN;OUT,VHF(B0);;1,VHF(B1);;2,VHF(B2);;4,VHF(B3);;8,VHF RECEIVER,,
312,00E,HIGH,MKR(B4);;16,MKR(B5);;32,MKR(B6);;64,MKR(B7);;128,,,,,,,,PARITY;;,MARKER,,
312,00E,LOW,,,,,,INT; UP,RAD; DOWN,VOICE PB;IN;OUT,MKR(B0);;1,MKR(B1);;2,MKR(B2);;4,MKR(B3);;8,MARKER RECEIVER,,
032,00E,LOW,SDI;;,SDI;;,,,,INT; UP,RAD; DOWN,VOICE PB;IN;OUT,ADF(B0);;1,ADF(B1);;2,ADF(B2);;4,ADF(B3);;8,ADF RECEIVER,,
035,00E,HIGH,DME(B4);;16,DME(B5);;32,DME(B6);;64,DME(B7);;128,,,,,,,,PARITY;;,DME RECEIVER,,
036,00E,HIGH,MLS(B4);;16,MLS(B5);;32,MLS(B6);;128,,,,,,,,,PARITY;;,MLS RECEIVER,,
034,00E,LOW,SDI;;,SDI;;,,,,INT; UP,RAD; DOWN,VOICE PB;IN;OUT,VOR/ILS(B0);;1,VOR/ILS(B1);;2,VOR/ILS(B2);;4,VOR/ILS(B3);;8,VOR/ILS RECEIVER,,
035,00E,LOW,SDI;;,SDI;;,,,,INT; UP,RAD; DOWN,VOICE PB;IN;OUT,DME(B0);;1,DME(B1);;2,DME(B2);;4,DME(B3);;8,DME RECEIVER,,
036,00E,LOW,SDI;;,SDI;;,,,,INT; UP,RAD; DOWN,VOICE PB;IN;OUT,MLS(B0);;1,MLS(B1);;2,MLS(B2);;4,MLS(B3);;8,MLS RECEIVER,,
037,00E,LOW,SDI;;,SDI;;,,,,INT; UP,RAD; DOWN,VOICE PB;IN;OUT,HF(B0);;1,HF(B1);;2,HF(B2);;4,HF(B3);;8,HF RECEIVER,,
315,00E,HIGH,,,,,,,,,,,,PARITY;;,RESERVE1,,
377,00E,HIGH,,,,,,,,,,,,PARITY;;,RESERVE2,,
315,00E,LOW,,,,,,INT; UP,RAD; DOWN,VOICE PB;IN;OUT,,,,,RESERVE1,,
301,00E,LOW,,,,,,INT; UP,RAD; DOWN,VOICE PB;IN;OUT,INTPHN(B0);;1,INTPHN(B1);;2,INTPHN(B2);;4,INTPHN(B3);;8,INTERPHONE RECEIVER,,
304,00E,HIGH,,,,,,,,,,,,PARITY;;,TX BTNs,,
377,00E,LOW,SDI;;,SDI;;,,,,INT; UP,RAD; DOWN,VOICE PB;IN;OUT,,,,,RESERVE2,,
032,00E,HIGH,ADF(B4);;16,ADF(B5);;32,ADF(B6);;64,ADF(B7);;128,,,,,,,,PARITY;;,ADF RECEIVER,,
301,00E,HIGH,INTPHN(B4);;16,INTPHN(B5);;32,INTPHN(B6);;64,INTPHN(B7);;128,,,,,,,,PARITY;;,INTERPHONE RECEIVER,,
304,00E,LOW,B9,B10,B11,B12,B13,B14(INT); UP,B15(RAD); DOWN,B16(VOICE PB);IN;OUT,VHF2/HF2(B0)/PA(B0);SET TO 1,INT/PA(B1);SET TO 1,HF1/HF2(B1);SET TO 1,VHF1;VHF1 SELECTED,TX BTNs,,
