001,002,Distance to Go,N.M.,-3999.9,+3999.9,5,,0.1,100,200,,BCD,,,,,
002,002,Time to Go,Min,0,399.9,4,,0.1,100,200,,BCD,,,,,
002,115,Time to Station,Min,0,399.9,4,,0.1,50,50,,,,,,,
003,002,Cross Track Distance,N.M.,0,399.9,4,,0.1,100,200,,BCD,,,,,
004,001,Runway Distance to Go,Feet,0,79900,3,,100,100,200,,BCD,,,,,
010,002,Present Position - Latitude,Deg:Min,180,180,6,N,0.1,250,500,,BCD,See Section 2.1.2,,,,
010,004,Present Position - Latitude,Deg:Min,180,180,6,N,0.1,250,500,,BCD,See Section 2.1.2,,,,
010,038,Present Position - Latitude,Deg:Min,180,180,6,N,0.1,250,500,,BCD,,,,,
011,002,Present Position - Longitude,Deg:Min,180,180,6,E,0.1,250,500,,BCD,,,,,
011,004,Present Position - Longitude,Deg:Min,180,180,6,E,0.1,250,500,,BCD,,,,,
011,038,Present Position - Longitude,Deg:Min,180,180,6,E,0.1,250,500,,BCD,,,,,
012,002,Ground Speed,Knots,0,7000,4,,1,250,500,,BCD,,,,,
012,004,Ground Speed,Knots,0,7000,4,,1,250,500,,BCD,,,,,
012,005,Ground Speed,Knots,0,7000,4,,1,250,500,,BCD,,,,,
012,025,Ground Speed,Knots,0,7000,4,,1,125,250,,BCD,,,,,
012,038,Ground Speed,Knots,0,7000,4,,1,250,500,,BCD,,,,,
013,002,Track Angle - True,Deg,0,359.9,4,,0.1,250,500,,BCD,,,,,
013,004,Track Angle - True,Deg,0,359.9,4,,0.1,250,500,,BCD,,,,,
013,038,Track Angle - True,Deg,0,359.9,4,,0.1,250,500,,BCD,,,,,
014,004,Magnetic Heading,Deg,0,359.9,4,,0.1,250,500,,BCD,,,,,
014,005,Magnetic Heading,Knots,0,359.9,4,,0.1,250,500,,BCD,,,,,
014,038,Magnetic Heading,Deg,0,359.9,4,,0.1,250,500,,BCD,,,,,
015,002,Wind Speed,Knots,0,799,3,,1,250,500,,BCD,,,,,
015,004,Wind Speed,Knots,0,799,3,,1,250,500,,BCD,,,,,
015,005,Wind Speed,Knots,0,799,3,,1,250,500,,BCD,,,,,
015,038,Wind Speed,Knots,0,799,3,,1,250,500,,BCD,,,,,
016,004,Wind Direction - True,Deg,0,359,3,,1,250,500,,BCD,,,,,
016,038,Wind Direction - True,Deg,0,359,3,,1,250,500,,BCD,,,,,
017,010,Selected Runway Heading,Deg,0,359.9,4,,0.1,167,333,,BCD,,,,,
017,0A0,Selected Runway Heading,Deg,0,359.9,4,,0.1,167,333,,BCD,,,,,
017,0B0,Selected Runway Headung,Deg,0,359.9,4,,0.1,167,333,,BCD,,,,,
020,020,Selected Vertical Speed,Ft/Min,-6000,+6000,4,Up,1,100,200,,BCD,,,,,
020,0A1,Selected Vertical Speed,Ft/Min,-6000,+6000,4,Up,1,100,200,,BCD,,,,,
021,002,Selected EPR,,0,3,4,,0.001,100,200,,BCD,,,,,
021,002,Selected N1,RPM,0,3000,4,,1,100,200,,BCD,,,,,
021,020,Selected EPR,,0,3,3,,0.01,100,200,,BCD,,,,,
021,020,Selected N1,RPM,0,3000,4,,1,100,200,,BCD,,,,,
021,0A1,Selected EPR,,0,3,3,,0.01,100,200,,BCD,,,,,
021,0A1,Selected N1,RPM,0,3000,4,,1,100,200,,BCD,,,,,
022,020,Selected Mach,Mach,0,4,4,,0.001,100,200,,BCD,,,,,
022,0A1,Selected Mach,Mach,0,4,4,,0.001,100,200,,BCD,,,,,
023,020,Selected Heading,Deg,0,359,3,,1,100,200,,BCD,,,,,
023,0A1,Selected Heading,Deg,0,359,3,,1,100,200,,BCD,,,,,
024,011,Selected Course #1,Deg,0,359,3,,1,167,333,,BCD,,,,,
024,020,Selected Course #1,Deg,0,359,3,,1,167,333,,BCD,,,,,
024,0A1,Selected Course #1,Deg,0,359,3,,1,167,333,,BCD,,,,,
024,0B1,Selected Course #1,Deg,0,359,3,,1,167,333,,BCD,,,,,
025,020,Selected Altitude,Feet,0,50000,5,,1,100,200,,BCD,,,,,
025,0A1,Selected Altitude,Feet,0,50000,5,,1,100,200,,BCD,,,,,
026,003,Selected Airspeed,Knots,30,450,3,,1,100,200,,BCD,,,,,
026,020,Selected Airspeed,Knots,30,450,3,,1,100,200,,BCD,,,,,
026,0A1,Selected Airspeed,Knots,30,450,3,,1,100,200,,BCD,,,,,
027,011,Selected Course #2,Deg,0,359,3,,1,167,333,,BCD,,,,,
027,020,Selected Course #2,Deg,0,359,3,,1,167,333,,BCD,,,,,
027,0A1,Selected Course #2,Deg,0,359,3,,1,167,333,,BCD,,,,,
027,0B1,Selected Course #2,Deg,0,359,3,,1,167,333,,BCD,,,,,
030,020,VHF COM Frequency,MHz,118.000,135.975,5,,0.025,100,200,,VHF,See Chapter 3,,,,
030,024,VHF COM Frequency,MHz,118.000,135.975,5,,0.025,100,200,,VHF,See Chapter3,,,,
030,0B6,VHF COM Frequency,MHz,118.000,135.975,5,,0.025,100,200,,VHF,See Chapter 3,,,,
031,020,Beacon Transponder Code,,0000,7777,4,,,100,200,,ATC,See Chapter 3,,,,
031,0B8,Beacon Transponder Code,,0000,7777,4,,,100,200,,ATC,See Chapter 3,,,,
032,012,ADF Frequency,KHz,190,1750,5,,0.5,100,200,,ADF,See Chapter 3,,,,
032,020,ADF Frequency,KHz,190,1750,4,,0.5,100,200,,ADF,See Chapter 3,,,,
032,0B2,ADF Frequency,KHz,190,1750,4,,0.5,100,200,,ADF,See Chapter 3,,,,
033,002,ILS Frequency,MHz,108.00,111.95,4,,0.050,167,333,,ILS,See Chapter 3,,,,
033,010,ILS Frequency,MHz,108.00,111.95,4,,0.050,167,333,,ILS,See Chapter 3,,,,
033,020,ILS Frequency,MHz,108.00,111.95,4,,0.050,167,333,,ILS,See Chapter 3,,,,
033,0B0,ILS Frequency,MHz,108.00,111.95,4,,0.050,167,333,,ILS,See Chapter 3,,,,
034,002,VOR/ILS Frequency,MHz,108.00,117.95,4,,0.050,167,333,,VOR,See Chapter 3,,,,
034,006,Baro Correction (mB) #3,mB,745,1050,5,,0.1,62.5,125,,BCD,,,,,
034,011,VOR/ILS Frequency,MHz,108.00,117.95,4,,0.050,167,333,,VOR,See Chapter 3,,,,
034,020,VOR/ILS Frequency,MHz,108.00,117.95,4,,0.050,167,333,,VOR,See Chapter 3,,,,
034,0B0,VOR/ILS Frequency,MHz,108.00,117.95,4,,0.050,167,333,,VOR,See Chapter 3,,,,
035,002,DME Frequency,MHz,108.00,135.95,5,,0.05,100,200,,DME,See Chapter 3,,,,
035,006,Baro Correction (ins of Hg) #3,Ins Hg,22,31,5,,0.001,62.5,125,,BCD,,,,,
035,009,DME Frequency,MHz,108.00,135.95,4,,0.050,100,200,,DME,See Chapter 3,,,,
035,020,DME Frequency,MHz,108.00,135.95,4,,0.050,100,200,,DME,See Chapter 3,,,,
035,0A9,DME Frequency,MHz,108.00,135.95,4,,0.050,100,200,,DME,See Chapter 3,,,,
037,020,HF COM Frequency,MHz,2.8,24,6,,0.0001,100,200,,HF,See Chapter 3,,,,
037,0B9,HF COM Frequency,MHz,2.8,24,5,,0.001,100,200,,HF,See Chapter 3,,,,
041,002,Set Latitude,Deg/Min,180,180,6,N,0.1,250,500,,BCD,,,,,
041,004,Set Latitude,Deg/Min,180,180,6,N,0.1,250,500,,BCD,,,,,
041,020,Set Latitude,Deg/Min,180,180,6,N,0.1,250,500,,BCD,,,,,
041,0A4,Set Latitude,Deg/Min,0,180,6,N,0.1,250,500,,BCD,,,,,
042,002,Set Longitude,Deg/Min,180,180,6,E,0.1,250,500,,BCD,,,,,
042,004,Set Longitude,Deg/Min,180,180,6,E,0.1,250,500,,BCD,,,,,
042,020,Set Longitude,Deg/Min,180,180,6,E,0.1,250,500,,BCD,,,,,
042,0A4,Set Longitude,Deg/Min,0,180,6,E,0.1,250,500,,BCD,,,,,
043,002,Set Magnetic Heading,Deg,0,359,3,,1,250,500,,BCD,,,,,
043,004,Set Magnetic Heading,Deg,0,359,3,,1,250,500,,BCD,,,,,
043,020,Set Magnetic Heading,Deg,0,359,3,,1,250,500,,BCD,,,,,
043,0A4,Set Magnetic Heading,Deg,0,359,3,,1,250,500,,BCD,,,,,
044,004,True Heading,Deg,0,359.9,4,,0.1,250,500,,BCD,,,,,
044,038,True Heading,Deg,0,359.9,4,,0.1,250,500,,BCD,,,,,
045,003,Minimum Airspeed,Knots,0,259.9,4,,0.1,62.5,125,,BCD,,,,,
046,033,Engine Serial No (LSDs),,,,,,,500,1000,,ENGSN,See Att. 6,,,,
046,10A,Engine Serial No. (LSDs),,,,,,,500,1000,,ENGSN,See Att. 6,,,,
046,10B,Engine Serial No. (LSDs),,,,,,,500,1000,,ENGSN,See Att. 6,,,,
047,033,Engine Serial No. (MSDs),,,,,,,500,1000,,ENGSN,See Att. 6,,,,
047,10A,Engine Serial No. (MSDs),,,,,,,500,1000,,ENGSN,See Att. 6,,,,
047,10B,Engine Serial No. (MSDs),,,,,,,500,1000,,ENGSN,See Att. 6,,,,
053,004,Track Angle-Magnetic,Deg,0,359,3,,1,250,500,,BCD,,,,,
053,005,Track Angle-Magnetic,Deg,0,359,3,,1,250,500,,BCD,,,,,
056,002,Estimated Time of Arrival,Hr:Min,0,23.59.9,5,,0.1,250,500,,TIMEBCD,,,,,
056,005,Wind Direction-Magnetic,Deg,0,359,3,,1,250,500,,BCD,,,,,
056,037,Gross Weight (kilogram),100 Kg,0,19999,,,1,100,200,,BCD,,,,,
060,002,Omega Data Select,,0,65536,16,,1,100,200,,GAOMEGA,General Aviation Word Page 39c,,,,
060,037,Tire Loading (Left Body Main),%,0,299.9,4,,0.1,100,200,,BCD,,,,,
060,03C,Tire Pressure (Left Inner),PSIS,0,1024,10,,1,50,250,,BNR,See Attachement 6,,,,
061,002,Covariance Data,,0,10000,16,,,,,,GACOVAR,General Aviation Word See Attachement 9B,,,,
061,037,Tire Loading (Right Body Main),%,0,299.9,4,,0.1,100,200,,BCD,,,,,
061,03C,Tire Pressure (left Outer),PSIS,0,1024,10,,1,50,250,,BNR,See Attachement 6,,,,
062,037,Tire Loading (Left Wing Main),%,0,299.9,4,,0.1,100,200,,BCD,,,,,
062,03C,Tire Pressure (Right Inner),PSIS,0,1024,10,,1,50,250,,BNR,See Attachement 6,,,,
063,037,Tire Loading (Right Wing Main),%,0,299.9,4,,0.1,100,200,,BCD,,,,,
063,03C,Tire Pressure (Right Outer),PSIS,0,1024,10,,1,50,250,,BNR,See Attachement 6,,,,
064,037,Tire Loading (Nose),%,0,299.9,4,,0.1,100,200,,BCD,,,,,
064,03C,Tire Pressure (Nose),PSIS,0,1024,10,,1,50,250,,BNR,See Attachement 6,,,,
065,003,Gross Weight,100 lb.,0,12000,5,,1,100,200,,BCD,,,,,
065,037,Gross weight,100 lb.,0,12000,5,,1,100,200,,BCD,,,,,
066,002,Longitudinal Center of Gravity,% MAC,0,100.00,5,,0.01,500,1000,,BCD,,,,,
066,037,Longitudinal Center of Gravity,% MAC,0,100.00,5,,0.01,100,200,,BCD,,,,,
067,037,Lateral Center of Gravity,% MAC,0,1000.00,5,,0.01,100,200,,BCD,,,,,
07,029,AC load(engine),%,0,256,8,,1,100,200,,BNR,,,,,
070,002,Reference Airspeed (Vref),Knots,0,512,11,,0.25,500,1000,1000,BNR,No. 1 and 2 coded in SDI,,,,
070,029,AC Frequency (Engine),Hz,0,512,11,,0.25,100,200,,BNR,,,,,
070,037,Hard Landing Magnitude #1,Lbs,0,1000,12,,?,100,200,,BNR,,,,,
070,0CC,Brakes - Metered Hyd. Press. L (Normal),PSIG,0,4096,12,,1,50,100,,BNR,No. 1 and 2 coded in SDI,,,,
071,002,Take-Off Climb Airspeed (V2),Knots,0,512,11,,0.25,500,1000,50,BNR,,,,,
071,029,AC Frequency (Alt. Sources),Hz,0,512,11,,0.25,100,200,,BNR,,,,,
071,033,VBV,Deg,0,64,12,,0.016,150,250,,BNR,,,,,
071,037,Hard Landing Magnitude #2,Lbs,0,1000,12,,,100,200,,BNR,,,,,
071,0CC,Brakes - Metered Hyd. Press. R (Normal),PSIG,0,4096,12,,1,50,100,,BNR,No. 1 and 2 coded in SDI,,,,
072,002,VR (Rotation Speed),Deg/180,-180,+180,11,,0.1,100,200,,BNR,,,,,
072,002,Rotation Speed (VR),Knots,0,512,11,,0.25,500,1000,1000,BNR,Revised by Supp. 11,,,,
072,01c,stator vane angle,Deg/180,-180,+180,11,,0.1,100,200,,BNR,,,,,
072,029,AC voltage (engine),volts,0,256,10,,0.25,100,200,,BNR,,,,,
072,02F,Stator vane angle,DEG/180,-180,+180,11,,0.1,100,200,,BNR,,,,,
072,033,Stator vane angle,Deg,0,64,12,,0.016,150,250,,BNR,see note ( 4 ),,,,
072,0CC,Brakes-Netered hyd. R (normal),PSIG,0,4096,12,,1,50,100,,BNR,No. 1 and 2 coded in SDI,,,,
073,002,Vl (Critical engine failure speed),Knots,0,512,11,,0.25,100,200,,BNR,,,,,
073,01C,Oil quantity,cc,0,32768,8,,128,100,200,,BNR,,,,,
073,029,Oil quantity,US pint,0,128,9,,0.25,100,200,,BNR,,,,,
073,0A2,V2 (critical engine failure speed),knots,0,512,11,,0.25,100,200,,BNR,,,,,
073,0CC,brakes - netered hyd. press. R (alt.),PSIG,0,4096,12,,1,50,100,,BNR,No. 1 and 2 coded in SDI,,,,
074,002,Zero Fuel Weight,Lbs.,0,1310720,15,,40,500,1000,1000,BNR,,,,,
074,02C,Zero fuel weight,Libs,0,1310720,15,,40,100,400,,BNR,,,,,
074,033,LP Compressor bleed pos. (3.0),Inches,0,4,10,,0.004,100,200,,BNR,see note ( 5 ),,,,
075,002,Gross weight,Lbs.,0,1310720,15,,40,100,200,,BNR,,,,,
075,003,Gross weight,lbs.,0,1310720,15,,40,100,200,,BNR,,,,,
075,008,Geodetic Altitude,Feet,0,131072,17,,1,500,1000,,BNR,,,,,
075,029,Ac voltage (alt. sources),Volts,0,256,10,,0.25,100,200,,BNR,,,,,
075,02C,Gross weight,Lbs.,0,1310720,15,,40,100,200,,BNR,,,,,
075,037,Gross weight,Lbs.,0,1310720,15,,40,100 m,200 m,,BNR,,,,,
075,03E,Gross weight,Lbs.,0,1310720,15,,40,100,200,,BNR,,,,,
076,00B,GPS neight above reference ellipsoid,Feet,0,131072,17,,1,25,50,,BNR,Revised by supp. 11,,,,
076,029,AC voltage (bus bar),Volts,0,256,10,,0.25,100,200,,BNR,,,,,
076,037,Longitudinal center of gravity,% MAC,0,16384,14,,0.01,100 m,200 m,,BNR,,,,,
076,03E,Logitudinal center of gravity,%,0,164,14,,0.01,100,200,,BNR,,,,,
077,001,Lateral center of gravity,MLB-in,0,128,17,,0.001,100,200,,BNR,,,,,
077,002,Target airspeed,Knots,0,512,11,,0.25,100,200,,BNR,,,,,
077,00B,GPS hor/vert deviation,% F.S.,-128,+127,8,,1,25,50,,GPSHV,revised by supp. 11 see att. 6,,,,
077,029,AC load (Engine),%,0,256,8,,1,100,200,,BNR,,,,,
100,001,Selected course #1,Deg/180,-180,+180,12,,0.05,167,333,,BNR,,,,,
100,002,Selected course #1,Deg/180,-180,+180,12,,0.05,167,333,,BNR,,,,,
100,011,Selected course #1,Deg/180,-180,+180,12,,0.05,167,333,,BNR,,,,,
100,020,Selected course #1,Deg/180,-180,+180,12,,0.05,167,333,,BNR,,,,,
100,029,AC load (alt. source),%,0,128,8,,1,100,200,,BNR,,,,,
100,037,Gross weight (kilogram),Kilogram,0,655360,15,,20,100,200,,BNR,,,,,
100,0A1,Selected source #1,Deg/180,-180,+180,12,,0.05,167,333,,BNR,,,,,
100,0B1,selected source #1,Deg/180,-180,+180,12,,0.05,167,333,,BNR,,,,,
100,0BB,Outboard flaps - pou,Deg/180,-180,+180,12,,0.05,20,100,,BNR,,,,,
101,002,Selected heading,Deg/180,-180,+180,12,,0.05,31.5,62.5,,BNR,,,,,
101,020,Selected heading,Deg/180,-180,+180,12,,0.05,31.3,62.5,,BNR,,,,,
101,029,DC Current (TRU),Amperes,0,256,8,,1,100,200,,BNR,,,,,
101,0A1,Selected heading,Deg/180,-180,+180,12,,0.05,31.3,62.5,,BNR,,,,,
101,0BB,inboard flaps - pou,Deg/180,-180,+180,12,,0.05,20,100,,BNR,,,,,
102,002,Selected altitude,Feet,0,65536,16,,1,100,200,,BNR,,,,,
102,020,Selected altitude,Feet,0,65536,16,,1,100,200,,BNR,,,,,
102,029,DC current (battery),Ampere,0,256,8,,1,100,200,,BNR,,,,,
102,0A1,Selected Altitude,Feet,0,65536,16,,1,100,200,,BNR,,,,,
103,001,Selected Airspeed,Knots,0,512,11,,0.25,100,200,,BNR,,,,,
103,002,Selected airspeed,Knots,0,512,11,,0.25,100,200,,BNR,,,,,
103,003,Selected airspeed,knots,0,512,11,,0.25,100,200,,BNR,,,,,
103,01B,Left/pou Flap,Deg/180,-180,+180,18,,0.000687,100,200,,BNR,,,,,
103,020,Selected airspeed,Knots,0,512,11,,0.25,100,200,,BNR,,,,,
103,029,DC voltage (TRU),Volts,0,128,9,,0.25,100,200,,BNR,,,,,
103,0A1,Selected airspeed,Knots,0,512,11,,0.25,100,200,,BNR,,,,,
103,0BB,Left outboard flap position,Deg/180,-180,+180,12,,0.05,20,100,,BNR,,,,,
104,001,Selected vertical spped,ft/Min,0,16384,10,upward,16,100,200,,BNR,,,,,
104,002,Selected vertical speed,Ft/min,0,16384,10,Upward,16,100,200,,BNR,,,,,
104,01B,Right/POU flap,Deg/180,-180,+180,18,,0.000687,100,200,,BNR,,,,,
104,020,Selected vertical speed,Ft/min,0,16384,10,Upward,16,100,200,,BNR,,,,,
104,029,DC voltage (battery),Volts,0,128,9,,0.25,100,200,,BNR,,,,,
104,02B,Selected vertical speed,Ft/min,0,16384,14,Upward,1,100,200,,BNR,,,,,
104,0A1,Selected vetical speed,Ft/min,0,16384,10,Upward,16,100,200,,BNR,,,,,
104,0BB,Right outboard flap position,Deg/180,-180,+180,12,,0.05,20,100,,BNR,,,,,
105,002,Selected Runway Heading,Deg/180,-180,+180,11,,0.1,167,333,,BNR,,,,,
105,010,Selected Runway Heading,Deg/180,-180,+180,11,,0.1,167,333,,BNR,,,,,
105,01B,Left/pou Slat,Deg/180,-180,+180,18,,0.000687,100,200,,BNR,,,,,
105,020,Selected Runway Heading,Deg/180,-180,+180,11,,0.1,167,333,,BNR,,,,,
105,029,Oil temperature Input (IDG/CSD),Deg C,0,2048,12,,0.5,100,200,,BNR,,,,,
105,0A1,Selected Runway Heading,Deg/180,-180,+180,11,,0.1,167,333,,BNR,,,,,
105,0B0,Selected Runway Heading,Deg/180,-180,+180,11,,0.1,167,333,,BNR,,,,,
105,0BB,Left Inboard Flap Position,Deg/180,-180,+180,12,,0.05,20,100,,BNR,,,,,
106,002,Selected Mach,m Mach,0,4096,12,,1,31.3,200,,BNR,,,,,
106,01B,Right/POU slat,Deg/180,-180,+180,18,,0.000687,100,200,,BNR,,,,,
106,029,Oil temperature Input (IDG/CSD),Deg C,0,2048,12,,0.5,100,200,,BNR,,,,,
106,0A1,Selected mach,m Mach,0,4096,12,,0.05,20,100,,BNR,,,,,
106,0BB,Right inboard flap position,Deg/180,-180,+180,12,,0.05,20,100,,BNR,,,,,
107,002,Selected cruise altitude,Feet,0,65536,16,UP,1,100,200,,BNR,,,,,
107,01B,Flap/Slat lever,Deg/180,-180,+180,16,,0.000687,100,200,,BNR,,,,,
107,0BB,Flap Lever Position - Median Value,Deg/180,-180,+180,18,,0.000687,100,200,,BNR,,,,,
110,001,Slected course #2,Deg/180,-180,+180,12,,0.05,167,333,,BNR,,,,,
110,002,Selected course #2,Deg/180,-180,+180,12,,0.05,167,333,,BNR,,,,,
110,010,Selected Course #2,Deg/180,-180,+180,12,,0.05,167,333,,BNR,,,,,
110,011,Selected Course #2,Deg/180,-180,+180,12,,0.05,167,333,,BNR,,,,,
110,020,Selected Course #2,Deg/180,-180,+180,12,,0.05,167,333,,BNR,,,,,
110,0A1,Selected Course #2,Deg/180,-180,+180,12,,0.05,167,333,,BNR,,,,,
110,0B1,Selected Course #2,Deg/180,-180,+180,12,,0.05,167,333,,BNR,,,,,
110,0BB,Flap Lever Position - Center,Deg/180,-180,+180,18,,0.000687,80,160,,BNR,,,,,
112,002,Runway length,Feet,0,20480,11,,10,250,500,,BNR,,,,,
112,0A1,Selected EPR,,0,4,12,,0.001,100,200,,BNR,,,,,
112,0A1,Selected M1,RPM,0,4096,12,,1,100,200,,BNR,,,,,
112,0BB,Flap Lever Position - Left,Deg/180,-180,+180,18,,0.000687,80,160,,BNR,,,,,
113,002,Message Check Sum,,0,2097152,21,,1,,,,GAMSGCHK,General Aviation Word Page 39d,,,,
114,002,Desired Track,Deg/180,-180,+180,12,,0.05,100,200,,BNR,,,,,
114,029,Brake Temperature (left inner L/G),Deg C,0,2048,11,,1,100,200,,BNR,,,,,
114,02F,Ambient pressure,PSIA,0,32,14,,0.002,100,200,,BNR,,,,,
114,03F,Pamb Sensor,PSIA,0,32,14,,0.002,100,200,,BNR,,,,,
114,0BB,Flap Lever Position - Right,Deg/180,-180,+180,18,,0.000687,80,160,,BNR,,,,,
114,0CC,Wheel torque output,Ld./Ft,0,16384,12,,4,50,100,,BNR,No. 5 to 8 in SDI,,,,
114,10A,Selected Ambient Static Pressure,PSIA,1.5,20.0,11,,0.016,100,500,,BNR,,,,,
114,10B,Selected Ambient Static Pressure,PSIA,1.5,20.0,11,,0.016,100,500,,BNR,,,,,
115,002,Waypoint Bearing,Deg/180,-180,+180,12,,0.05,31.3,62.5,,BNR,,,,,
115,029,Brake temperature (Left outer L/G),Deg C,0,2048,11,,1,100,200,,BNR,,,,,
115,02F,Fuel Temperature,Deg C,0,512,11,,0.25,100,200,,BNR,,,,,
115,03F,Fuel temperature,Deg C,0,512,11,,0.25,100,200,,BNR,,,,,
115,0BC,Fuel temperature,Deg C,0,256,8,,1,500,1000,,BNR,,,,,
115,0CC,Wheel torque output,Lb./Ft/,0,16384,12,,4,50,100,,BNR,,,,,
116,002,Cross track distance,M.M.,0,128,15,,0.004,31.3,62.5,,BNR,,,,,
116,029,Brake Temperature (Right Innter L/G),Deg C,0,2048,11,,1,100,200,,BNR,,,,,
116,0CC,Wheel Torque Output,Lb./ft.,0,16384,12,,4,50,100,,BNR,No. 9 to 12 in SDI,,,,
117,002,Vertical Deviation,Feet,0,2048,11,,1.0,31.3,62.5,,BNR,,,,,
117,029,Brake Temperature (right outer L/G),Deg C,0,2048,11,,1,100,200,,BNR,,,,,
117,0CC,Wheel Torque Output,Lb./Ft.,0,16384,12,,4,50,100,,BNR,No. 13 to 16 in SDI,,,,
120,002,Range To Altitude,M.M.,0,512,15,,0.016,25,50,,BNR,,,,,
120,029,Pack Bypass Turbine Position,TBD,,TBD,TBD,,TBD,TBD,TBD,,BNR,,,,,
121,002,Horizontal command Signal,Deg/180,-180,+180,14,,0.01,50,100,,BNR,,,,,
121,029,Pack Outelt Temperature,TBD,,TBD,TBD,,TBD,TBD,TBD,,BNR,,,,,
122,002,Vertical Command Signal,Deg/180,-180,+180,12,,0.05,50,100,,BNR,,,,,
122,029,Pack Turbine Intlet Temperature,TBD,,TBD,TBD,,TBD,TBD,TBD,,BNR,,,,,
123,002,Throttle Command,Deg/sec,0,256,18,,0.001,50,100,,BNR,,,,,
125,031,Greenwich Mean time,Hr:Min,0,23.59.9,5,,0.1,100,200,,GMT,,,,,
126,002,Vertical Deviation (WIDE),Feet,0,32768,15,Above,1.0,31.3,62.5,,BNR,,,,,
126,026,FWC Word,N/A,,N/A,N/A,,N/A,TBD,TBD,,BNR,,,,,
126,029,Pack Flow,TBD,,TBD,TBD,,TBD,TBD,TBD,,BNR,,,,,
127,002,Selected Landing Altitude,Feet,0,65536,16,LP,1,100,200,,BNR,,,,,
127,01B,Slat Angle,Deg/180,-180,+180,12,,0.05,100,200,,BNR,,,,,
127,033,P14,PSIA,0,32,14,,0.002,100,200,,BNR,,,,,
127,10A,Fan Discharge Static Pressure,PSIA,1.5,30.0,11,,0.016,100,500,,BNR,,,,,
127,10B,Fan Discharge Static Pressure,PSIA,1.5,30.0,11,,0.016,100,500,,BNR,,,,,
130,01A,Fan Intlet Total Temperature,Deg C,0,128,11,,0.06,100,200,,BNR,,,,,
130,01C,Fan Intlet Total Temperature,Deg C,0,128,11,,0.06,100,200,,BNR,,,,,
130,02F,Fan Intlet Total Temperature,Deg C,0,128,11,,0.06,100,200,,BNR,,,,,
130,035,TCAS Traffic Advisory Range Word,NM,0,15.9375,8,,0.0625,,,,TCASR,,,,,
130,035,Intruder Range,,,,,,,,500,,BNR,See Att.6 and ARINC 735,,,,
130,03F,Fan Intlet Total Temperature,Deg C,0,128,11,,0.06,100,200,,BNR,,,,,
130,10A,Selected Total Air  Temperature,Deg C,-80,+90,10,,0.125,100,500,,BNR,,,,,
130,10B,Selected Total Air Temperature,Deg C,-80,+90,10,,0.125,100,500,,BNR,,,,,
131,01A,Fan Intlet Total Pressure,PSIA,0,32,13,,0.004,100,200,,BNR,,,,,
131,01C,Fan Intlet Total Pressure,PSIA,0,32,13,,0.004,100,200,,BNR,,,,,
131,02D,Fan Intlet Total Pressure,PSIA,0,32,13,,0.004,100,200,,BNR,,,,,
131,02F,Fan Outlet Total Pressure,PSIA,0,32,13,,0.004,100,200,,BNR,,,,,
131,033,Fan Intlet Total Pressure,PSIA,0,32,13,,0.004,100,200,,BNR,,,,,
131,035,TCAS Trafic advisory Altitude Word,Ft.,-12700,+12700,8,,100,,,,TCASA,,,,,
132,01A,Exaust Gas Total Pressure,PSIA,0,32,13,,0.004,100,200,,BNR,,,,,
132,01C,Exhaust Gas Total Pressure,PSIA,0,32,13,,0.004,100,200,,BNR,,,,,
132,033,Exhaust Gas Total Pressure,PSIA,0,32,14,,0.002,100,250,,BNR,,,,,
132,035,TCAS Traffic Advisory Bearing Estimate Word,Deg.,-180,+180,9,,0.703,,,,TCASB,,,,,
132,035,Intruder Bearing,,,,,,,,500,,BNR,See Att. 6 and ARINC 735,,,,
133,01A,Thrust Lever Angle,Deg/180,-180,+180,12,,0.05,100,250,,BNR,,,,,
133,02F,Thrust lever Angle,Deg/180,-180,+180,12,,0.05,25,50,,BNR,,,,,
133,03F,Thrust lever Angle,Deg/180,-180,+180,12,,0.05,25,50,,BNR,,,,,
133,10A,Selected Throttle Lever Angle,Deg,0,90,11,,0.088,31.3,100,,BNR,,,,,
133,10B,Slected Throttle Lever Angle,Deg,0,90,11,,0.088,31.3,100,,BNR,,,,,
134,01C,Power Lever Angle,Deg/180,-180,+180,12,,0.05,100,200,,BNR,,,,,
134,10A,Throttle Lever Angle,Deg,-128,+128,11,,0.088,500,1000,,BNR,,,,,
134,10B,Throttle Lever Angle,Deg,-128,+128,11,,0.088,500,1000,,BNR,,,,,
135,01C,Engine Vibration #1,In/sec,0,8,12,,0.002,100,200,,BNR,,,,,
135,029,Engine Fan Vibration,%FS,0,128,7,,1,100,200,,BNR,,,,,
136,01C,Engine Vibration #2,In/sec,0,8,12,,0.002,100,200,,BNR,,,,,
136,029,Engine Turbine Vibration,TBD,,TBD,TBD,,TBD,TBD,TBD,,BNR,,,,,
137,01B,Flap Angle,Deg/180,-180,+180,12,,0.05,100,200,,BNR,see Att. 6,,,,
137,02A,Flap Angle,Deg/180,-180,+180,12,,0.05,100,200,,BNR,See Att. 6,,,,
137,02F,Thrust Reverser Position Feedback,%,0,128,12,,0.03,100,200,,BNR,,,,,
137,02F,Thrust Reverser Position Feedback,%,0,128,12,,0.03,100,200,,BNR,,,,,
137,03F,Thrust Reverser Position Feedback,%,0,128,12,,0.03,100,200,,BNR,,,,,
137,10A,Selected Thrust Reverser Position,%,-5,+105,11,,0.063,62.5,250,,BNR,,,,,
137,10B,Selected Thrust Reverser Position,%,-5,+105,11,,0.063,62.5,250,,BNR,,,,,
140,001,Flight Director - Roll,Deg/180,-180,+180,12,,0.05,50,100,,BNR,,,,,
140,025,Flight director-Roll,Deg/180,-180,+180,10,,0.02,125,250,,BNR,,,,,
140,029,Precooler output Temperature,TBD,,TBD,TBD,,TBD,TBD,TBD,,BNR,,,,,
141,001,Flight Director - Pitch,Deg/180,-180,+180,12,,0.05,50,100,,BNR,,,,,
141,025,Flight Director - Pitch,Deg/180,-180,+180,10,,0.02,125,250,,BNR,,,,,
141,029,Precoler Input Temperature,TBD,,TBD,TBD,,TBD,TBD,TBD,,BNR,,,,,
142,002,Flight Director - Fast/Slow,Knots,0,32,12,,0.008,31.3,62.5,,BNR,,,,,
142,003,Flight Director - Fast/Slow,Knots,0,32,12,,0.008,31.3,62.5,,BNR,,,,,
142,025,Flight director Fast/Slow,Knots,0,32,12,,0.008,31.3,62.5,,BNR,,,,,
142,025,Flight Director Fast/Slow,knots,0,32,8,,0.125,125,250,,BNR,,,,,
143,001,Flight Director - YAW,Deg/180,-180,+180,12,,0.05,30,100,,BNR,,,,,
143,041,HPA Command Word,,,,,,,,,,BNR,See ARINC Char 741,,,,
143,241,HPA Response Word,,,,,,,,,,BNR,See ARINC Char 741,,,,
144,02B,Altitude Error,Feet,0,8192,14,Above,1.0,25,50,,BNR,,,,,
144,041,Acu/Bsu Control Word,,,,,,,,,,BNR,See ARINC Char. 741,,,,
144,341,Acu/Bsu Response Word,,,,,,,,,,BNR,See ARINC Char. 741,,,,
150,002,Greenwich Mean time,H:M:S,0,23:59:59,6,,,,,,GMT,see Att. 6,,,,
150,029,Cabin Altitude Rate,TBD,,TBD,TBD,,TBD,TBD,TBD,,BNR,,,,,
150,031,Greenwich Mean Time,,,,,,,100,200,,BNR,See Attachment 6,,,,
151,002,Localizer Bearing (true),Deg/180,-180,+180,11,,0.1,167,333,,BNR,,,,,
151,027,HLS Azimuth Deviation,,,,,,,,,,BNR,,,,,
151,029,Cabin Altitude,TBD,,TBD,TBD,,TBD,TBD,TBD,,BNR,,,,,
152,002,Maximum Altitude,Feet,0,65536,16,Above,1,500,1000,100,BNR,,,,,
152,027,HLS Elevation Deviation,,,,,,,,,,BNR,,,,,
152,029,Cabin Pressure,TBD,,TBD,TBD,,TBD,TBD,TBD,,BNR,,,,,
152,041,Open Loop Steering,,,,,,,,,,BNR,See ARINC Char. 741,,,,
153,027,Flare,,,,,,,,,,BNR,,,,,
153,029,Pressurization Valve Pos. (Gr. #1),TBD,,TBD,TBD,,TBD,TBD,TBD,,BNR,,,,,
153,041,Closed Loop Steering,,,,,,,,,,BNR,see ARINC char. 741,,,,
154,002,Runway Heading (true),N.M,0,512,16,,0.008,83.3,167,,BNR,,,,,
154,027,HLS Auxiliary Data,,,,,,,,,,BNR,,,,,
154,029,Pressurization Valve Pos. (Gr. #2),TBD,,TBD,TBD,,TBD,TBD,TBD,,BNR,,,,,
155,027,MLS Selected GP Angle,Deg,TBD,TBD,9,,0.1,100,200,,BCD,,,,,
162,012,ADF Bearing,Deg/180,-180,+180,12,,0.05,31.3,62.5,,BNR,,,,,
162,029,Crew Oxygen Pressure,PSI,0,4096,12,,1,100,200,,BNR,,,,,
162,0DE,Stick Shaker Margin Proportional Signal,TBD,,TBD,,,TBD,TBD,TBD,,BNR,,,,,
164,002,Minimum Descent Altitude (MDA),Feet,0,8192,16,,0.125,500,1000,,BNR,,,,,
164,003,Target Neight,Feet,0,8192,16,,0.125,500,1000,,BNR,,,,,
164,007,Radio Height,Feet,0,8192,16,,0.125,25,50,,BNR,,,,,
164,025,Radio Height,Feet,0,8192,12,,2.0,125,250,,BNR,,,,,
164,03B,Radio Height,VDC,0,32,11,,0.015,150,250,,BNR,PER ARINC 552A,,,,
165,007,Radio Height,Feet,-7999.9,+7999.9,5,,0.1,25,200,,BCD,,,,,
166,007,Ralt Check Point Dev.,Feet,0,512,10,,0.5,*,*,,BNR,,,,,
170,025,Decision Height Selected (EFI),Feet,-7000,+7000,4,,1,100,200,,BCD,,,,,
170,0C5,Decision Height Selected (EFI),Feet,-7000,+7000,4,,1,100,200,,BCD,,,,,
173,010,Localizer Deviation,DDM,0,0.4,12,,0.0001,33.3,66.6,,BNR,,,,,
173,025,Localizer,DDM,0,0.4,10,,0.0004,125,250,,BNR,,,,,
173,029,Hydrolic Quantity,%,0,128,7,,1,100,200,,BNR,,,,,
173,03B,Localizer Deviation,Dots,0,4,11,,0.002,150,250,,BNR,,,,,
173,0BD,Hydrolic quantity,%,0,128,7,,1,500,1000,,BNR,,,,,
174,003,Delayed Flap Approach Speed (DFA),Knots,0,512,11,,0.25,100,200,,BNR,,,,,
174,010,Glideslope Deviation,DDm,0,0.8,12,,0.0002,33.3,66.6,,BNR,,,,,
174,029,Hydrolic Pressure,PSI,0,4096,12,,0.0002,150,250,,BNR,,,,,
175,003,Economical Speed,Knots,0,1024,14,,0.06,62.5,125,,BNR,,,,,
175,029,EGT (APU),Deg C,0,2048,11,,1,100,200,,BNR,,,,,
175,033,Hydrolic Pump Case drain Temp.,Deg C,0,256,12,,0.06,100,200,,BNR,,,,,
176,003,Economical Mach,mMach,0,4096,13,,0.5,62.5,125,,BNR,,,,,
176,029,RPM (APU),%RPM,0,256,9,,0.5,100,200,,BNR,,,,,
176,038,Left Static Pressure,mB,0,2048,18,,0.008,20,200,,BNR,,,,,
176,05A,Fuel Tark #1 Temperature,Deg C,0,512,11,,0.25,100,200,,BNR,,,,,
176,0AD,Static Pressure left,mB,0,2048,18,,0.008,20,200,,BNR,,,,,
177,003,Economical Flight level,Feet,0,131072,17,,1.0,31.3,62.5,,BNR,,,,,
177,029,Oil Quantity (APU),US PINT,0,128,9,,0.25,100,200,,BNR,,,,,
177,038,Right static Pressure,mB,0,2048,18,,0.008,20,200,,BNR,,,,,
177,05A,Fuel tank #2 Temperature,Deg C,0,512,11,,0.25,100,200,,BNR,,,,,
177,0AD,Static Pressure Right,mB,0,2048,18,,0.008,20,200,,BNR,,,,,
200,002,Drift Angle,Deg,-180,+180,4,,0.1,100,200,,BCD,,,,,
200,004,Drift Angle,Deg,-180,+180,4,,0.1,100,200,,BCD,,,,,
200,05A,Fuel Tank #3 Temperature,Deg C,0,512,11,,0.25,100,200,,BNR,,,,,
201,009,DME Distance,N.M.,-1,399.99,5,,0.01,83.3,167,,BCD,,,,,
201,05A,Fuel Tank #4 Temperature,Deg C,0,512,11,,0.25,100,200,,BNR,,,,,
202,002,Energy Management (clear),N.M,0,512,15,,0.016,100,200,,BNR,,,,,
202,009,DME Distance,N.M,0,512,16,,0.008,83.3,167,,BNR,,,,,
202,029,Cabin Compartment Temp. (group. #1),TBD,,TBD,TBD,,TBD,TBD,TBD,,BNR,,,,,
202,05A,Fuel Tank #5 Temperature,Deg C,0,512,11,,0.25,100,200,,BNR,,,,,
203,002,Energy Management Speed Brakes,N.M,0,512,15,,0.016,100,200,,BNR,,,,,
203,006,Altitude (1013.25 mB),Feet,0,131072,17,,1.0,31.3,62.5,,BNR,,,,,
203,018,Altitude,Feet,0,131072,,,,20,40,,BNR,See ARINC 755,,,,
203,018,Altitude,feet,0,131072,,,,20,40,,BNR,See ARINC 735,,,,
203,029,Cabin Compartment Temp. (Group. #2),TBD,,TBD,TBD,,TBD,TBD,TBD,,BNR,,,,,
203,035,Own A/C Altitude,Feet,0,131072,,,,20,500,,BNR,See Att.6 and ARINC 735,,,,
203,038,Altitude (1013.25 mB),Feet,0,131072,17,,1.0,31.3,62.5,,BNR,,,,,
203,05A,Fuel tank #6 Temperature,Deg C,0,512,11,,0.25,100,200,,BNR,,,,,
203,10A,Ambient Static Pressure,PSIA,1.5,20.0,11,,0.016,500,1000,,BNR,,,,,
203,10B,Ambient Static Pressure,PSIA,1.5,20.0,11,,0.016,500,1000,,BNR,,,,,
204,002,Utility Airspeed,Knots,0,512,11,,0.25,500,1000,50,BNR,,,,,
204,006,Baro corrected Altitude #1,Feet,0,131072,17,,1.0,31.3,62.5,,BNR,,,,,
204,029,Cabin Duct Temp. (group. #1),TBD,,TBD,TBD,,TBD,TBD,TBD,,BNR,,,,,
204,038,Baro Corrected Altitude #1,Feet,0,131072,17,,1.0,31.3,62.5,,BNR,,,,,
204,05A,Fuel Tank #7 temperature,Deg C,0,512,11,,0.25,100,200,,BNR,,,,,
205,002,HF COM Frequency (New Format),MHz,2.8,24,5,,0.001,100,200,,HFAF,See Figure 3-1,,,,
205,006,Mach,Mach,0,4096,16,,0.0000625,62.5,125,,BNR,,,,,
205,01A,Mach,Mach,0,4096,16,,.0000625,62.5,125,,BNR,,,,,
205,029,Cabin Duct temp. (group #2),TBD,,TBD,TBD,,TBD,TBD,TBD,,BNR,,,,,
205,038,Mach,Mach,0,4096,16,,.0000625,62.5,125,,BNR,,,,,
205,05A,Fuel Tank #8 Temperature,Deg C,0,512,11,,0.25,100,200,,BNR,,,,,
205,10A,Mach Number,Mach,0,1,11,,0.002,100,500,,BNR,,,,,
205,10B,Mach Number,Mach,0,1,11,,0.002,100,500,,BNR,,,,,
206,006,Computed Airspeed,Knots,0,1024,14,,0.0625,62.5,125,,BNR,,,,,
206,018,Altitude (Variable Resolution),Feet,0,65536,16,,004,31.3,62.5,,ALTVAR,See Attachment 6,,,,
206,029,Cabin Temp. Reg. Valve Pos. (Grp. #1),TBD,,TBD,TBD,,TBD,TBD,TBD,,BNR,,,,,
206,038,Computed Airspeed,Knots,0,1024,14,,0.0625,62.5,125,,BNR,,,,,
206,0CC,Taxi Speed,Knots,0,512,11,,0.25,50,100,,BNR,,,,,
207,006,Max. Allowable Airspeed,Knots,0,1024,12,,0.25,62.5,125,,BNR,,,,,
207,00A,Max. Allowable Airspeed,Knots,0,512,11,,0.25,100,200,,BNR,,,,,
207,029,Cabin Temp. Reg. Valve Pos. (Grp #2),TBD,,TBD,TBD,,TBD,TBD,TBD,,BNR,,,,,
207,038,Max. Allowable Airspeed,Knots,0,1024,12,,0.25,62.5,125,,BNR,,,,,
210,006,True Airspeed,Knots,0,2048,15,,0.0625,62.5,125,,BNR,,,,,
210,029,Cargo Compartment,TBD,,TBD,TBD,,TBD,TBD,TBD,,BNR,,,,,
210,038,True Aispeed,Knots,2048,15,,,0.0625,62.5,125,,BNR,,,,,
211,002,Total Air Temperature,oC,0,512,11,,0.25,250,500,,BNR,,,,,
211,003,Total Air Temperature,Deg C,0,512,11,,0.25,250,500,,BNR,,,,,
211,006,Total Air Temperature,Deg C,0,512,11,,0.25,250,500,,BNR,,,,,
211,01A,Total Air temperature,Deg C,0,11,,,0.25,250,500,,BNR,,,,,
211,029,Cargo Duct Temperature,TBD,,TBD,TBD,,TBD,TBD,TBD,,BNR,,,,,
211,038,Total Air Temperature,Deg C,0,512,11,,0.25,250,500,,BNR,,,,,
211,10A,Total Fan Inlet Temperature,Deg C,-80,+90,10,,0.125,500,1000,,BNR,,,,,
211,10B,Total Fan Inlet Temperature,Deg C,-80,+90,10,,0.125,500,1000,,BNR,,,,,
212,004,Altitude Rate,ft/min,0,32768,11,,16,31.3,62.5,,BNR,,,,,
212,005,Altitude Rate,Ft/min,0,32768,11,,16,31.3,62.5,,BNR,,,,,
212,006,Altitude Rate,Ft/min,0,32768,11,,16,31.3,62.5,,BNR,,,,,
212,029,Cargo Temp. Reg. Valve Pos.,TBD,,TBD,TBD,,TBD,TBD,TBD,,BNR,,,,,
212,038,Altitude Rate,Ft/min,0,32768,11,,16,31.3,62.5,,BNR,,,,,
212,03B,Altitude Rate,Ft/min,0,32768,11,,16,150,250,,BNR,,,,,
213,002,Static Air temperature,Deg C,0,512,11,,0.025,250,500,,BNR,,,,,
213,006,Static Air Temperature,Deg C,0,512,11,,0.25,250,500,,BNR,,,,,
213,038,Static Air Temperature,Deg C,0,512,11,,0.25,250,500,,BNR,,,,,
213,08D,Fuel used,Lbs.,0,262144,18,,1,75,125,,BNR,,,,,
215,006,Impact Pressure,mB,0,512,14,,0.03125,62.5,125,,BNR,,,,,
215,01A,Impact Pressure,mB,0,512,14,,0.03125,62.5,125,,BNR,,,,,
215,029,N1 Actual (EEC),% RPM,0,256,14,,0.015,50,100,,BNR,,,,,
215,029,EPR Actual (EEC),,0,4,12,,0.001,50,100,,BNR,,,,,
215,038,Impact Pressure,mB,0,512,14,,0.03125,62.5,125,,BNR,,,,,
215,0AD,Differential Pressure,mB,0,512,16,,0.008,20,40,,BNR,,,,,
217,006,Static Pressure,In mg,0,64,16,,0.001,62.5,125,,BNR,,,,,
217,029,W1 Limit (EEC),% RPM,0,256,14,,0.015,100,200,,BNR,,,,,
217,029,EPR Limit (EEC),,0,4,12,,0.001,100,200,,BNR,,,,,
217,038,Static Pressure,In mg,0,64,16,,0.001,62.5,125,,BNR,,,,,
217,0AD,Average Static Pressure,mB,0,2048,18,,0.008,20,200,,BNR,,,,,
220,006,Baro Corrected Altitude #2,Feet,0,131072,17,,1.0,31.3,62.5,,BNR,,,,,
220,038,Baro Corrected Altitude #2,Feet,0,131072,17,,1.0,31.3,62.5,,BNR,,,,,
221,006,Indicated Angle of Attack (Average),Deg/180,-180,+180,12,,0.05,31.3,62.5,,BNR,,,,,
221,038,Indicated Angle of Attack (Average),Deg/180,-180,+180,12,,0.05,31.3,62.5,,BNR,,,,,
221,0AD,Indicated Angle Of Attack,Deg/180,-180,+180,14,,0.01,31.3,200,,BNR,,,,,
222,006,Indicated Angle Of Attack (#1 left),Deg/180,-180,+180,12,,0.05,31.3,62.5,,BNR,,,,,
222,011,VDR Omnibearing,Deg/180,-180,+180,12,,0.004,50,100,,BNR,,,,,
222,115,Bearing,Deg/180,-180,+180,11,,0.1,50,50,,BNR,,,,,
223,006,Indicated Angle Of Attack (#1 right),Deg/180,-180,+180,12,,0.05,31.3,62.5,,BNR,,,,,
224,006,Indicated Angle Of Attack (#2 Left),Deg/180,-180,+180,12,,0.05,31.3,62.5,,BNR,,,,,
225,002,Min Manuevering Airspeed,Knots,0,512,11,,0.25,500,1000,50,BNR,,,,,
225,006,Indicated Angle of Attack (#2 right),Deg/180,-180,+180,12,,0.05,31.3,62.5,,BNR,,,,,
225,02E,Compensated Altitude Rate,Ft/min,0,32768,11,Increasg Alt,16.0,31.3,62.5,,BNR,,,,,
227,07E,Bite Command Word,,,,,,,,,,BNR,See ARINC 604,,,,
230,006,True Airspeed,Knots,100,599,3,,1,250,500,,BCD,,,,,
230,038,True Airspeed,Knots,100,599,3,,1,250,500,,BCD,,,,,
231,006,Total Air Temperature,Deg C,-060,+099,3,,1,250,500,,BCD,,,,,
231,038,Total Air Temperature,Deg C,-060,+099,3,,1,250,500,,BCD,,,,,
231,0AD,Total Air Temperature,Deg C,0,512,12,,0.12,20,200,,BCD,,,,,
232,004,Altitude Rate,Ft/Min,-20000,+20000,4,Up,10,31.3,62.5,,BCD,,,,,
232,005,Altitude Rate,Ft/Min,-20000,+20000,4,Up,10,31.3,62.5,,BCD,,,,,
232,006,Altitude Rate,Ft/Min,-20000,+20000,4,Up,10,31.3,62.5,,BCD,,,,,
233,006,Static Air Temperature,Deg C,-099,+060,3,,1,250,500,,BCD,,,,,
233,038,Static Air Temperature,Deg C,-099,+060,3,,1,250,500,,BCD,,,,,
234,006,Baro Correction (mB) #1,mB,745,1050,5,,0.1,62.5,125,,BCD,,,,,
234,038,Baro Correction (mB) #1,mB,745,1050,5,,0.1,62.5,125,,BCD,,,,,
235,006,Baro Correction (ins of Hg) #1,Ins Hg,22,31,5,,0.001,62.5,125,,BCD,,,,,
235,038,Baro Correction (ins of Hg) #1,Ins Hg,22,31,5,,0.001,62.5,125,,BCD,,,,,
236,006,Baro Correction (mB) #2,mB,745,1050,5,,0.1,62.5,125,,BCD,,,,,
236,038,Baro Correction (mB) #2,mB,745,1050,5,,0.1,62.5,125,,BCD,,,,,
237,006,Baro Correction (ins of Hg) #2,Ins Hg,22,31,5,,0.001,62.5,125,,BCD,,,,,
237,038,Baro Correction (ins of Hg) #2,Ins Hg,22,31,5,,0.001,62.5,125,,BCD,,,,,
241,002,Min Airspeed for Flap Extension,Knots,0,512,11,,0.25,500,1000,,BNR,,,,,
241,006,Corrected Angle of Attack,Deg/180,-180,+180,12,,0.05,31.3,62.5,,BNR,,,,,
241,038,Corrected Angle of Attack,Deg/180,-180,+180,12,,0.05,31.3,62.5,,BNR,,,,,
242,006,Total Pressure,mB,0,2048,16,,0.03125,62.5,125,,BNR,,,,,
242,01A,Total Pressure,mB,0,2048,16,,0.03125,62.5,125,,BNR,,,,,
242,038,Total Pressure,mB,0,2048,16,,0.03125,62.5,125,,BNR,,,,,
242,03B,Speed deviation,Dots,0,4,11,,0.002,150,250,,BNR,,,,,
242,0AD,Total Pressure,mB,0,2048,18,,0.008,20,200,,BNR,,,,,
244,01C,Fuel Flow (Engine direct),Lbs/hr,0,32768,8,,128,100,200,,BNR,,,,,
244,033,Fuel Flow (Wf),PPH,0,32768,16,,0.5,150,250,,BNR,,,,,
244,03B,Mach error,Mach,0,0.064,11,,0.00003,150,250,,BNR,,,,,
244,08D,Fuel Flow Rate,pph,0,32768,16,,0.5,75,125,,BNR,,,,,
244,08D,Fuel Flow Rate,PPh,0,32768,16,,0.5,75,125,,BNR,,,,,
244,10A,Fuel Mass Flow,MSEC,0,170,15,,0.008,31.3,100,,BNR,,,,,
244,10B,Fuel Mass Flow,MSEC,0,170,15,,0.008,31.3,100,,BNR,,,,,
245,002,Minimum Airspeed,Knots,0,256,12,,0.0625,62.5,125,,BNR,,,,,
245,003,Minimum Airspeed,Knots,0,256,12,,0.0625,62.5,125,,BNR,,,,,
245,004,Minimum Airspeed,Knots,0,512,13,,0.0625,62.5,125,,BNR,,,,,
245,029,N3 (engine),%RPM,0,256,14,,0.015,50,100,,BNR,,,,,
245,038,Average Static Pressure mB uncorrected,mB,0,2048,16,,0.03125,62.5,125,,BNR,,,,,
245,03B,EPR Error,,0,4,12,,0.001,150,250,,BNR,,,,,
246,002,Control Maximum Speed (VCMAX),Knots,0,512,11,,0.25,50,100,50,BNR,,,,,
246,006,Averaged Static Pressure,mB,0,2048,16,,0.03,62.5,125,,BNR,,,,,
246,01C,N1 (Engine Direct),RPM,0,4096,12,,1,100,200,,BNR,,,,,
246,029,N1 (Engine Direct),%RPM,0,256,14,,0.015,50,100,,BNR,,,,,
246,038,Average Static Pressure mB Uncorrected,mB,0,2048,16,,0.03125,62.5,125,,BNR,,,,,
246,03B,Angle of Attack Error,Deg/180,-180,+180,14,,0.01,150,250,,BNR,,,,,
247,002,Control Minimum Speed (VCMIN),Knots,0,512,11,,0.25,50,100,50,BNR,,,,,
247,01F,Total Fuel,Lbs.,0,655360,14,,40,500,1000,,BNR,,,,,
247,02C,Total Fuel,Lbs.,0,655360,14,,40,500,1000,,BNR,See note 5,,,,
247,03B,Speed Error,Knots,0,256,12,,0.06,150,250,,BNR,,,,,
247,04D,Total Fuel,Lbs.,0,655360,14,,40,500,1000,,BNR,,,,,
247,0EB,Fuel to Remain,Lbs.,0,1638400,14,,100,100,125,,BNR,,,,,
250,002,Continuous N1 Limit,%RPM,0,256,14,,0.015,50,200,200,BNR,,,,,
250,02B,Maximum Continuous EPR Limit,-,0,4,12,,0.001,100,200,,BNR,,,,,
250,02C,Preselected Fuel Quantity,Lbs.,0,655360,14,,40,100,400,,BNR,See Note 5,,,,
250,038,Indicated Side Slip Angle,Deg/180,-180,+180,12,,0.05,31.3,62.5,,BNR,,,,,
250,0Ad,Indicated Side Slip Angle,Deg/180,-180,+180,14,,0.01,31.3,200,,BNR,,,,,
250,12B,Temperature Rate Of Change,,,,,,,,,,BNR,Data standard TSD,,,,
251,001,Distance to go,N.M.,0,4096,15,,0.125,100,200,,BNR,,,,,
251,002,Distance to go,N.M.,0,4096,15,,0.125,100,200,,BNR,,,,,
251,006,Baro Corrected Altitude #3,Feet,0,131072,17,,1.0,31.3,62.5,,BNR,,,,,
251,01A,Flight,Leg Counter,,,,,,75,175,,BNR,See Attachment 6,,,,
251,038,Baro Corrected Altitude #3,Feet,0,131072,17,,1,31.3,62.5,,BNR,,,,,
252,001,time To go,Min.,0,512,9,,1,100,200,,BNR,,,,,
252,002,Time to go,Min.,0,512,9,,1,100,200,,BNR,,,,,
252,006,Baro Corrected Altitude #4,Feet,0,131072,17,,1,31.3,62.5,,BNR,,,,,
252,01A,EPR Idle,,0,4,12,,0.001,100,200,,BNR,,,,,
252,02F,EPR Idle reference,,0,4,12,,0.001,100,200,,BNR,,,,,
252,038,Baro Corrected Altitude #4,Feet,0,131072,17,,1,31.3,62.5,,BNR,,,,,
252,03F,EPR idle reference,,0,4,12,,0.001,100,200,,BNR,,,,,
252,0EB,Time Until Jettisson Complete,Minutes,0,64,6,,1,500,1000,,BNR,,,,,
253,002,Go-Around N1 Limit,%RPM,0,256,14,,0.015,50,200,200,BNR,,,,,
253,01E,Go-Around EPR Limit,,0,4,12,,0.001,100,200,,BNR,,,,,
253,038,Corrected Side Slip Angle,Deg/180,-180,+180,12,,0.05,31.3,62.5,,BNR,,,,,
253,03F,Max. Climb EPR Rating,N/A,0,4,12,,0.001,100,200,,BNR,,,,,
253,08E,Spoiler Position,Deg/180,-180,+180,11,,0.1,50,100,,BNR,,,,,
254,002,Cruise N1 Limit,%RPM,0,256,14,,0.015,50,200,200,BNR,,,,,
254,01E,Cruise EPR Limit,,0,4,12,,0.001,100,200,,BNR,,,,,
255,002,Climb N1 Limit,%RPM,0,256,14,,0.015,50,200,200,BNR,,,,,
255,02F,Max. climb EPR Rating,N/A,0,4,12,,0.001,100,200,,BNR,,,,,
256,002,Time For Climb,Min,0,512,9,,1,100,200,,BNR,,,,,
256,00A,V stick Shaker,Knots,0,512,11,,0.25,100,200,,BNR,,,,,
256,02C,Fuel,Quantity (tanks) #1,0,131072,15,,4,500,1000,,BNR,see note 5,,,,
256,037,Fuel Quantity (tanks) #1,Lbs,0,131072,15,,4,500,1000,,BNR,,,,,
256,04D,Fuel Tanks (757/767),Lbs.,0,163840,12,,40,500,1000,,BNR,Bits 10/9,0/1 it,1/0 rt,1/1 ct,,,,
256,114,Fuel Quantity (Tanks) #1,Lbs.,0,131072,15,,4,500,1000,,BNR,,,,,
257,002,Time for Descent,Min.,0,512,9,,1,100,200,,BNR,,,,,
257,02C,Fuel quantity (Tanks) #2,lbs.,,121072,15,,4,500,1000,,BNR,,,,,
257,037,Fuel quantity (Tanks) #2,Lbs.,0,131072,15,,4,500,1000,,BNR,See note 5,,,,
257,114,Fuel Quantity (Tanks) #2,Lbs.,0,131072,15,,4,500,1000,,BNR,,,,,
211,000,HF1     HF2     COMM6,,,,,,,,,,BNR,,,,,
260,02C,Fuel Quantity (Tanks) #3,Lbs.,0,131072,15,,4,500,1000,,BNR,,,,,
260,0A2,Date/Flight Leg,,,1,1,,,500,1000,,DATEFL,,,,,
260,033,T5,Deg C,0,1024,12,,0.25,150,250,,BNR,see note 5,,,,
211,343,HF1 HF2,,,,,,,,,,BNR,,,,,
260,10A,LP Turbine Discharge Temperature,Deg C,-55,+850,11,,0.50,100,500,,BNR,,,,,
260,10B,LP Turbine Discharge Temperature,Deg C,-55,+850,11,,0.50,100,500,,BNR,,,,,
260,114,Fuel Quantity (Tanks) #3,Lbs.,0,131072,15,,4,500,1000,,BNR,,,,,
261,002,Flight Number,N/A,0,9999,4,,1,500,1000,,FLNO,,,,,
261,02C,Fuel quantity (Tanks) #4,Lbs.,0,131072,15,,4,500,1000,,BNR,,,,,
261,033,P49,PSIA,0,128,14,,0.008,150,250,,BNR,,,,,
261,0A2,Flight Number,N/A,0,9999,4,,1,500,1000,,FLNO,,,,,
261,10A,LP Turbine Inlet Pressure,PSIA,2,120,11,,0.125,100,500,,BNR,,,,,
261,10B,LP Turbine Inlet Pressure,PSIA,2,120,11,,0.125,100,500,,BNR,,,,,
261,114,Fuel Quantity (Tanks) #4,Lbs.,0,131072,15,,4,500,1000,,BNR,,,,,
262,002,Documentary Data,,,,,,,500,1000,,BNR,See Attachment 6,,,,
262,00A,Predictive Airspeed Variation,Knots,0,256,10,,0.25,100,200,,BNR,,,,,
262,01C,Lp Compressor exist Pressure (PT3),PSIA,0,64,13,,0.008,100,200,,BNR,,,,,
262,02C,Fuel quantity (tanks) #5,Lbs.,0,131072,15,,4,500,1000,,BNR,See note 5,,,,
262,033,Lp Compressor exist Pressure,PSIA,0,64,14,,0.004,150,250,,BNR,,,,,
262,10A,HP Compressor Inlet Total Pressure,PSIA,2,50,11,,0.032,100,500,,BNR,,,,,
262,10B,HP Compressor Inlet Total Pressure,PSIA,2,50,11,,0.032,100,500,,BNR,,,,,
262,114,Fuel Quantity (Tanks) #5,Lbs.,0,131072,15,,4,500,1000,,BNR,,,,,
263,002,MIN Airspeed for flap retraction,Knots,0,512,11,,0.25,500,1000,50,BNR,,,,,
263,00A,Min Airspeed for flap retraction,knots,0,512,11,,0.25,100,200,50,BNR,,,,,
263,01C,LP Compressor exit temperature,,0,256,12,,0.06,100,200,,BNR,,,,,
263,02C,Fuel Quantity (Tanks)#6,Lbs.,0,131072,15,,4,500,1000,,BNR,,,,,
263,033,LP Compressor Exit temperature,Deg C,0,256,12,,0.063,150,250,,BNR,,,,,
263,10A,Selected Compressor Inlet Temperature (Total),Deg C,-55,+160,11,,0.125,100,500,,BNR,,,,,
263,10B,Selected Compressor Inlet Temperature ( Total),Deg C,-55,+160,11,,0.125,100,500,,BNR,,,,,
263,114,Fuel Quantity (Tanks) #6,Lbs.,0,131072,15,,4,500,1000,,BNR,,,,,
264,002,Time to touchdown,Min,0,2048,11,,1,100,200,145,BNR,,,,,
264,00A,Min Airspeed For Slats retraction,Knots,0,512,11,,0.25,100,200,,BNR,,,,,
264,01C,NP Compressor exit Pressure,,0,512,14,,0.03,100,200,,BNR,,,,,
264,02C,Fuel Quantity (Tanks) #7,Lbs.,0,131072,15,,4,500,1000,,BNR,,,,,
264,02F,Burner Pressure,PSIA,0,512,14,,0.03,100,200,,BNR,,,,,
264,033,NP Compressor Exit Pressure,PSIA,0,512,14,,0.03,150,250,,BNR,,,,,
264,03F,Burner Pressure,PSIA,0,512,14,,0.03,100,200,,BNR,,,,,
264,10A,Selected Compressor Discharge Pressure,PSIA,5,600,11,,1.00,62.5,250,,BNR,,,,,
264,10B,Selected Compressor Discharge Pressure,PSIA,5,600,11,,1.00,62.5,250,,BNR,,,,,
264,114,Fuel Quantity (Tanks) #7,Lbs.,0,131072,15,,4,500,1000,,BNR,,,,,
265,002,MIN buffet Airspeed,Knots,0,512,11,,0.25,50,100,50,BNR,,,,,
265,004,Integrated Vertical Acceleration,Ft/Sec,-256,+256,20,UP,0.000244,,20,,BNR,,,,,
265,00A,Maneuvering Airspeed,Knots,0,512,11,,0.25,100,200,,BNR,,,,,
265,01C,NP Compressor Exit temp. (TT4.5),,0,1024,12,,0.25,100,200,,BNR,,,,,
265,02C,Fuel Quantity (Tanks) #8,Lbs.,0,131072,15,,4,500,1000,,BNR,,,,,
265,033,NP Compressor Exit Temperature,Deg C,0,1024,12,,0.25,150,250,,BNR,,,,,
265,038,Integrated Vertical Acceleration,Ft/Sec,-256,+256,20,UP,0.000244,,20,,BNR,,,,,
265,10A,Selected Compressor Discharge Temperature,Deg C,-55,+650,11,,0.50,100,500,,BNR,,,,,
265,10B,Selected Compressor Discharge Temperature,Deg C,-55,+650,11,,0.50,100,500,,BNR,,,,,
265,114,Fuel Quantity (Tanks) #8,Lbs.,0,131072,15,,4,500,1000,,BNR,,,,,
267,002,Max. Maneuver Airspeed,Knots,0,512,11,,0.25,500,1000,50,BNR,,,,,
267,00A,Predictive Maximum Maneuver speed,Knots,0,512,11,,0.25,100,200,,BNR,,,,,
267,02B,Throttle Position Command,Deg/180,-180,+180,12,,0.05,50,100,,BNR,,,,,
267,033,Spare T/C,Deg C,0,256,12,,0.063,150,250,,BNR,,,,,
267,10A,HP Compressor Inlet Temperature (Total),Deg C,-55,+160,11,,0.125,500,1000,,BNR,,,,,
267,10B,HP Compressor Inlet Temperature (Total),Deg C,-55,+160,11,,0.125,500,1000,,BNR,,,,,
276,001,FCC To Simulator Control Word,,,,,,,50,150,,BNR,Used only in simulator,,,,
276,002,FMC to Simulator Control Word,,,,,,,33,100,,BNR,Used only in simulator,,,,
276,003,TCC To Simulator Control Word,,,,,,,50,150,,BNR,Used only in simulator,,,,
300,10A,ECU Internal Temperature,Deg C,-55,+125,11,,0.125,500,1000,,BNR,,,,,
300,10B,ECU Internal Temperature,Deg C,-55,+125,11,,0.125,500,1000,,BNR,,,,,
301,10A,Demanded Fuel Metering Valve Position,%,0,100,11,,0.063,62.5,250,,BNR,,,,,
301,10B,Demanded Fuel Metering Valve Position,%,0,100,11,,0.062,62.5,250,,BNR,,,,,
302,10A,Demanded Variable Stator Vane Position,%,0,100,11,,0.063,100,500,,BNR,,,,,
302,10B,Demanded Variable Stator Vane Posititon,%,0,100,11,,0.063,100,500,,BNR,,,,,
303,002,Message Length/Type No.,,,,,,,,,,GAMSGLEN,General Aviation Word Page 39d,,,,
303,10A,Demanded Variable Bleed Valve Position,%,0,100,11,,0.063,100,500,,BNR,,,,,
303,10B,Demanded Variable Bleed Valve Position,%,0,100,11,,0.063,100,500,,BNR,,,,,
304,10A,Demanded HPT Clearance Valve Position,%,0,100,11,,0.063,250,1000,,BNR,,,,,
304,10A,Demanded HPT Clearance Valve Position,%,0,100,11,,0.063,250,1000,,BNR,,,,,
305,10A,Demanded LPT Clearance Valve Position,%,0,100,11,,0.063,250,1000,,BNR,,,,,
305,10B,Demanded LPT Clearance Valve Position,%,0,100,11,,0.063,250,1000,,BNR,,,,,
310,002,Present position - Latitude,Deg/180,0,180,20,,0.000172,100,200,,BNR,,,,,
310,004,Present Position - Latitude,Deg/180,0,180,20,,0.000172,100,200,,BNR,,,,,
310,029,Aileron Position,Deg/180,-180,+180,11,,0.088,50,100,,BNR,,,,,
310,038,Present Position - Latitude,Deg/180,0,180,20,,0.000172,100,200,,BNR,,,,,
310,114,Fuel Quantity (Tanks) #9,Lbs.,0,131072,15,,4,500,1000,,BNR,,,,,
311,002,Present Position - Longitude,Deg/180,0,180,20,,0.000172,100,200,,BNR,,,,,
311,004,Present Position - Longitude,Deg/180,0,180,20,,0.000172,100,200,,BNR,,,,,
311,029,Aileron Trim,Deg/180,-180,+180,11,,0.088,50,100,,BNR,,,,,
311,038,Present Position - Longitude,Deg/180,0,180,20,,0.000172,100,200,,BNR,,,,,
311,03B,Control wheel Roll Force,Lb.,0,64,10,,0.0625,150,250,,BNR,,,,,
311,114,Fuel Quantity (Tanks) #10,Lbs.,0,131072,15,,4,500,1000,,BNR,,,,,
312,002,Ground Speed,Knots,0,4096,15,,0.125,25,50,,BNR,,,,,
312,004,Ground Speed,Knots,0,4096,15,,0.125,25,50,,BNR,,,,,
312,005,Ground Speed,Knots,0,4096,15,,0.125,25,50,,BNR,,,,,
312,029,Rudder Position,Deg/180,-180,+180,11,,0.088,50,100,,BNR,,,,,
312,038,Ground Speed,Knots,0,4096,15,,0.125,25,50,,BNR,,,,,
312,114,Fuel Quantity (Tanks) #11,Lbs.,0,131072,15,,4,500,1000,,BNR,,,,,
313,002,Track Angle - True,Deg/180,-180,+180,12,,0.05,25,50,,BNR,,,,,
313,004,Track Angle - True,Deg/180,-180,+180,15,,0.0055,25,50,,BNR,,,,,
313,025,Track Angle - True,Deg/180,-180,+180,10,,0.2,125,250,,BNR,,,,,
313,029,Rudder Trim,Deg/180,-180,+180,11,,0.088,50,100,,BNR,,,,,
313,038,Track Angle - True,Deg/180,-180,+180,15,,0.0055,25,50,,BNR,,,,,
313,114,Fuel Quantity (Tanks) #12,Lbs.,0,131072,15,,4,500,1000,,BNR,,,,,
314,002,Stabilizer Position Indication (B747-400),Deg/180,0,180,12,TE DOWN,0.05,25,50,50,BNR,,,,,
314,004,True Heading,Deg/180,-180,+180,15,,0.0055,25,50,,BNR,,,,,
314,025,True Heading,Deg/180,-180,+180,10,,0.2,125,250,,BNR,,,,,
314,029,Elevator Position,Deg/180,-180,+180,11,,0.088,50,100,,BNR,,,,,
314,038,True Heading,Deg/180,-180,+180,15,,0.0055,25,50,,BNR,,,,,
314,03B,Control Wheel Pitch Force,Lbs.,0,64,10,,0.0625,150,250,,BNR,,,,,
315,001,Stabilizer Position,Deg/180,-180,+180,12,TE Down,0.05,25,50,,BNR,,,,,
315,002,Wind Speed,Knots,0,256,8,,1.0,50,100,,BNR,,,,,
315,004,Wind Speed,Knots,0,256,8,,1.0,50,100,,BNR,,,,,
315,005,Wind Speed,Knots,0,256,8,,1.0,50,100,,BNR,,,,,
315,029,Stabilizer Position,Deg/180,-180,+180,11,TE down,0.088,50,100,,BNR,,,,,
315,038,Wind Speed,Knots,0,256,8,,1.0,50,100,,BNR,,,,,
316,002,Wind Direction (true),Deg/180,0,180,12,CW From north,0.05,25,50,50,BNR,,,,,
316,004,Wind Angle,Deg/180,-180,+180,8,,0.7,50,100,,BNR,,,,,
316,029,Oil Temperature (Engine),Deg C,0,2048,12,,0.5,100,200,,BNR,,,,,
316,038,Wind Angle,Deg/180,-180,+180,8,,0.7,50,100,,BNR,,,,,
316,10A,Engine Oil Temperature,Deg C,-55,+170,11,,1.00,250,1000,,BNR,,,,,
316,10B,Engine Oil Temperature,Deg C,-55,+170,11,,1.00,250,1000,,BNR,,,,,
317,002,Track Angle - Magnetic,Deg/180,-180,+180,12,,0.05,25,50,,BNR,,,,,
317,004,Track Angle - Magnetic,Deg/180,-180,+180,15,,0.0055,25,50,,BNR,,,,,
317,005,Track Angle - Magnetic,Deg/180,-180,+180,15,,0.0055,25,50,,BNR,,,,,
317,025,Track Angle - Magnetic,Deg/180,-180,+180,10,,0.2,125,250,,BNR,,,,,
317,029,Oil Pressure (Engine),PSI,0,4096,12,,1,50,100,,BNR,,,,,
317,038,Track Angle - Magnetic,Deg/180,-180,+180,15,,0.0055,25,50,,BNR,,,,,
320,004,Magnetic Heading,Deg/180,-180,+180,15,,0.0055,25,50,,BNR,,,,,
320,005,Magnetic Heading,Deg/180,-180,+180,15,,0.0055,25,50,,BNR,,,,,
320,025,Magnetic Heading,Deg/180,-180,+180,10,,0.2,125,250,,BNR,,,,,
320,029,Engine Fuel Pressure,TBD,,TBD,TBD,,TBD,TBD,TBD,,BNR,,,,,
320,035,Own A/C Magnetic Heading,Deg/180,-180,+180,15,,0.0055,25,500,,BNR,See ARINC 735,,,,
320,038,Magnetic Heading,Deg/180,-180,+180,15,,0.0055,25,50,,BNR,,,,,
321,002,Drift Angle,Deg/180,-180,+180,12,,0.05,25,50,,BNR,,,,,
321,004,Drift Angle,Deg/180,-180,+180,11,,0.09,25,50,,BNR,,,,,
321,005,Drift Angle,Deg/180,-180,+180,11,,0.09,25,50,,BNR,,,,,
321,029,Engine Fuel temperature,TBD,,TBD,TBD,,TBD,TBD,TBD,,BNR,,,,,
321,038,Drift Angle,Deg/180,-180,+180,12,,0.05,25,50,,BNR,,,,,
321,10A,Exhaust Gas Temperature (Total),Deg C,-55,+1100,11,,1.00,500,1000,,BNR,,,,,
321,10B,Exhaust Gas Temperature (Total),Deg C,-55,+1100,11,,1.00,500,1000,,BNR,,,,,
322,002,Flight Path angle,Deg/180,-180,+180,12,,0.05,25,50,,BNR,,,,,
322,004,Flight path Angle,Deg/180,-180,+180,12,,0.05,25,50,,BNR,,,,,
322,005,Flight Path Angle,Deg/180,-180,+180,12,,0.05,25,50,,BNR,,,,,
322,029,Engine Nacelle Temperature,TBD,,TBD,TBD,,TBD,TBD,TBD,,BNR,,,,,
322,038,Flight Path Angle,Deg/180,-180,+180,12,,0.05,25,50,,BNR,,,,,
322,10A,Total Compressor Discharge Temperature,Deg C,-55,+650,11,,0.50,500,1000,,BNR,,,,,
322,10B,Total Compressor Discharge Temperature,Deg C,-55,+650,11,,0.50,500,1000,,BNR,,,,,
323,004,Flight Path Acceleration,g,0,4,12,,0.001,10,20,,BNR,,,,,
323,005,Flight Path Acceleration,g,0,4,12,,0.001,10,20,,BNR,,,,,
323,038,Flight Path Acceleration,g,0,4,12,,0.001,10,20,,BNR,,,,,
323,10A,Variable Stator Vane Position,%,-5,+105,11,,0.063,500,1000,,BNR,,,,,
323,10B,Variable Stator Vane Position,%,-5,+105,11,,0.063,500,1000,,BNR,,,,,
324,004,Pitch Angle,Deg/180,-180,+180,14,,0.01,10,20,,BNR,,,,,
324,005,Pitch Angle,Deg/180,-180,+180,14,,0.01,10,20,,BNR,,,,,
324,025,Pitch Angle,Deg/180,-180,+180,10,,0.2,125,250,,BNR,,,,,
324,038,Picth Angle,Deg/180,-180,+180,14,,0.01,10,20,,BNR,,,,,
324,10A,Selected Fuel Metering Valve Position,%,-5,+105,11,,0.063,62.5,250,,BNR,,,,,
324,10B,Selected Fuel Metering Valve Position,%,-5,+105,11,,0.063,62.5,250,,BNR,,,,,
325,004,Roll Angle,Deg/180,-180,+180,14,,0.01,10,20,,BNR,,,,,
325,005,Roll Angle,Deg/180,-180,+180,14,,0.01,10,20,,BNR,,,,,
325,01A,Engine Control Trim Feedback,,,,,,,,,,BNR,,,,,
325,025,Roll Angle,Deg/180,-180,+180,10,,0.2,125,250,,BNR,,,,,
325,02F,Stator Vane Feedback,Inche,0,4,12,,0.001,100,200,,BNR,,,,,
325,038,Roll Angle,Deg/180,-180,+180,14,,0.01,10,20,,BNR,,,,,
325,03F,Stator Vane Feedback,Inche,0,4,12,,0.001,100,200,,BNR,,,,,
325,10A,Selected Varible Stator Vane Position,%,-5,+105,11,,0.063,62.5,250,,BNR,,,,,
325,10B,Selected Varible Stator Vane Position,%,-5,+105,11,,0.063,62.5,250,,BNR,,,,,
326,004,Body Pitch Rate,Deg/sec,0,128,13,,0.015,10,20,,BNR,,,,,
326,005,Body Pitch Rate,Deg/sec,0,128,13,,0.015,10,20,,BNR,,,,,
326,038,Body Pitch rate,Deg/sec,0,128,13,,0.015,10,20,,BNR,,,,,
326,10A,Compressor Discharge Static Pressure,PSIA,5,600,11,,1.00,500,1000,,BNR,,,,,
326,10B,Compressor Discharge Static Pressure,PSIA,5,600,11,,1.00,500,1000,,BNR,,,,,
327,004,Body roll Rate,Deg/sec,0,128,13,,0.015,10,20,,BNR,,,,,
327,005,Body Roll rate,Deg/Sec,0,128,13,,0.015,10,20,,BNR,,,,,
327,038,Body Roll rate,Deg/sec,0,128,13,,0.015,10,20,,BNR,,,,,
327,10A,Fuel Metering Valve Position,%,-5,+105,11,,0.063,500,1000,,BNR,,,,,
327,10B,Fuel Metering Valve Position,%,-5,+105,11,,0.063,500,1000,,BNR,,,,,
330,004,Body Yaw Rate,Deg/sec,0,128,13,,0.015,10,20,,BNR,,,,,
330,005,Body Yaw rate,Deg/sec,0,128,13,,0.015,10,20,,BNR,,,,,
330,02F,HC/TC Cooling Valve Pos. Feedback,%,0,128,12,OPEN,0.03,100,200,,BNR,,,,,
330,03F,HC/TC Cooling Valve pos. Feedback,%,0,128,12,,0.03,100,200,,BNR,,,,,
330,10A,Selected HPT Clearance Valve Position,%,-5,+105,11,,0.063,250,1000,,BNR,,,,,
330,10B,Selected HPT Cearance Valve Position,%,-5,+105,11,,0.063,250,1000,,BNR,,,,,
331,004,Body Longitudinal Acceleration,g,0,4,12,,0.001,10,20,,BNR,,,,,
331,005,Body Longitudinal acceleration,g,0,4,12,,0.001,10,20,,BNR,,,,,
331,02F,LTC Cooling Valve Pos. feedback,%,0,128,12,OPEN,0.03,100,200,,BNR,,,,,
331,038,Body Longitudinal Acceleration,g,0,4,12,,0.001,10,20,,BNR,,,,,
331,03F,LTC Cooling Valve Pos. Feedback,%,0,128,12,OPEN,0.03,100,200,,BNR,,,,,
331,10A,Selected LPT Clearance Valve Position,%,-5,+105,11,,0.063,250,1000,,BNR,,,,,
331,10B,Selected LPT Clearance Valve Position,%,-5,+105,11,,0.063,250,1000,,BNR,,,,,
332,004,Body Lateral Acceleration,g,0,4,12,,0.001,10,20,,BNR,,,,,
332,005,Body lateral Acceleration,g,0,4,12,,0.001,10,20,,BNR,,,,,
332,02F,A/O Heat Xchr Valve Pos. Feedback,%,0,128,12,OPEN,0.03,100,200,,BNR,,,,,
332,038,Body Lateral Acceleration,g,0,4,12,,0.001,10,20,,BNR,,,,,
332,03F,A/O Heat Xchr Valve Pos. Feedback,%,0,128,12,OPEN,0.03,100,200,,BNR,,,,,
333,004,Body Normal Acceleration,g,0,4,12,,0.001,10,20,,BNR,,,,,
333,005,Body Normal Acceleration,g,0,4,12,,0.001,10,20,,BNR,,,,,
333,02F,Acceleration Fuel Flow Limit,Lb/Mr,0,32768,12,,8,100,200,,BNR,,,,,
334,004,Platform Heading,Deg/180,-180,+180,11,,0.09,20,40,,BNR,,,,,
334,005,Platform Heading,Deg/180,-180,+180,11,,0.09,20,40,,BNR,,,,,
334,02F,Fuel Flow Command,Lb/Mr,0,32768,12,,8,100,200,,BNR,,,,,
334,038,Platform Heading,Deg/180,-180,+180,11,,0.09,20,40,,BNR,,,,,
334,03F,Fuel Flow Command,Lb/Mr.,0,32768,12,,8,100,200,,BNR,,,,,
335,004,Track Angle Rate,Deg/Sec,0,32,11,,0.015,10,20,,BNR,,,,,
335,005,Ttrack Angle Rate,Deg/Sec,0,32,11,,0.015,10,20,,BNR,,,,,
335,02F,2.5 BLD Actuator Position,%,0,128,12,,0.031,100,200,,BNR,,,,,
335,038,Track Angle Rate,Deg/Sec,0,32,11,,0.015,10,20,,BNR,,,,,
335,03F,2.5 BLD Actuator Position,%,0,128,12,,0.031,100,200,,BNR,,,,,
335,10A,Selected Variable Bleed Valve Position,%,-5,+105,11,,0.063,100,500,,BNR,,,,,
335,10B,Selected Variable Bleed Valve Position,%,-5,+105,11,,0.063,100,500,,BNR,,,,,
336,002,Max Climb Angle,Degrees,0,32,15,Climb,0.001,100,200,,BNR,,,,,
336,004,Inertial Pitch Rate,Deg/Sec,0,128,13,,0.015,10,20,,BNR,,,,,
336,005,Inertial Pitch Rate,Deg/Sec,0,128,13,,0.015,10,20,,BNR,,,,,
336,01A,Engine Torque,%,0,256,12,,0.063,100,200,,BNR,,,,,
336,02F,N2 Corrected to Sta 2.5,%,0,128,12,,0.031,100,200,,BNR,,,,,
336,038,Initial Pitch Rate,Deg/Sec,0,128,13,,0.015,10,20,,BNR,,,,,
336,03F,N2 Corrected to sta 2.5,%,0,128,12,,0.031,100,200,,BNR,,,,,
336,10A,Variable Bleed Valve Position,%,-5,+105,11,,0.063,500,1000,,BNR,,,,,
336,10B,Variable Bleed Valve Position,%,-5,+105,11,,0.063,500,1000,,BNR,,,,,
337,002,EPR - Required For Level Flight,Ratio,-4,+4,12,,0.001,100,200,,BNR,Engine Type P&W, RR,,,,
337,002,N1 - Required For Level Flight,%RPM,-256,+256,15,,0.015,,,,BNR,Engine Types: GE,,,,
337,004,Inertial Roll Rate,Deg/Seg,0,128,13,,0.015,10,20,,BNR,,,,,
337,005,Inertial roll Rate,Deg/sec,0,128,13,,0.015,10,20,,BNR,,,,,
337,01A,Engine Rating,%,0,256,12,,0.063,100,200,,BNR,,,,,
337,038,Inertial Roll Rate,Deg/Sec,0,128,13,,0.015,10,20,,BNR,,,,,
337,10A,HPT Clearance Valve Position,%,-5,+105,11,,0.063,500,1000,,BNR,,,,,
337,10B,HPT Clearance Valve Position,%,-5,+105,11,,0.063,500,1000,,BNR,,,,,
340,003,EPR Actual,,0,4,12,,0.001,100,200,,BNR,,,,,
340,01A,EPR Actual,,0,4,12,,0.001,100,200,,BNR,,,,,
340,029,EPR Actual (Engine Direct),,0,4,12,,0.001,50,100,,BNR,,,,,
340,02D,EPR Actual,,0,4,12,,0.001,100,200,,BNR,,,,,
340,02F,EPR Actual,,0,4,12,,0.001,25,50,,BNR,,,,,
340,033,EPR Actual,,0,4,12,,0.001,100,200,,BNR,,,,,
340,03F,EPR Actual,,0,4,12,,0.001,25,50,,BNR,,,,,
341,002,Target N1,%RPM,0,256,14,,0.015,100,200,,BNR,,,,,
341,003,N1 Comamnd,%RPM,0,256,14,,0.015,100,200,,BNR,,,,,
341,003,EPR Command,,0,4,12,,0.001,100,200,,BNR,,,,,
341,01A,N1 Command,%RPM,0,256,14,,0.015,100,200,,BNR,,,,,
341,01A,EPR Command,,0,4,12,,0.001,100,200,,BNR,,,,,
341,029,N1 Command (engine),%RPM,0,256,14,,0.015,50,100,,BNR,,,,,
341,029,EPR Command (Engine),,0,4,12,,0.001,50,100,,BNR,,,,,
341,02F,N1 Command,%RPM,0,256,14,,0.015,25,50,,BNR,,,,,
341,02F,EPR Command,,0,4,12,,0.001,25,50,,BNR,,,,,
341,03F,EPR Command,,0,4,12,,0.001,100,200,,BNR,,,,,
341,10A,Commanded Fan Speed,%,0,117.5,13,,0.032,31.3,100,,BNR,,,,,
341,10B,Commanded Fan Speed,%,0,117.5,13,,0.032,31.3,100,,BNR,,,,,
342,002,N1 Bug Drive,%RPM,0,256,14,,0.015,100,200,,BNR,,,,,
342,003,N1 Limit,%RPM,0,256,14,,0.015,100,200,,BNR,,,,,
342,003,EPR Limit,,0,4,12,,0.001,100,200,,BNR,,,,,
342,01A,N1 Maximum,%RPM,0,256,14,,0.015,100,200,,BNR,,,,,
342,01A,EPR Maximum,,0,4,12,,0.001,100,200,,BNR,,,,,
342,029,N1 Limit (TCC),%RPM,0,256,14,,0.015,100,200,,BNR,,,,,
342,029,EPR LIMIT (TOC),,0,4,12,,0.001,100,200,,BNR,,,,,
342,02F,Maximum Available EPR,,0,4,12,,0.001,100,200,,BNR,,,,,
342,03B,N1 or EPR Limit,,0,4,12,,0.001,150,250,,BNR,,,,,
342,03F,Maximum Available EPR,,0,4,12,,0.001,100,200,,BNR,,,,,
342,10A,Max Allowed Fan Speed,%,0,117.5,13,,0.032,100,500,,BNR,,,,,
342,10B,Max Allowed Fan Speed,%,0,117.5,13,,0.032,100,500,,BNR,,,,,
343,003,EPR Rate,,,4,12,,0.001,100,200,,BNR,,,,,
343,003,N1 Derate,%RPM,0,256,14,,0.015,100,200,,BNR,,,,,
343,01A,N1 Demand,%RPM,0,256,12,,0.063,20,50,,BNR,,,,,
343,10A,N1 Command vs. TLA,%,0,117.5,13,,0.032,31.3,100,,BNR,,,,,
343,10B,N1 Command vs. TLA,%,0,117.5,13,,0.032,31.3,100,,BNR,,,,,
344,01A,N2,%RPM,0,256,14,,0.015,50,100,,BNR,,,,,
344,01C,N2,%RPM,0,256,14,,0.015,50,100,,BNR,,,,,
344,029,N2,%RPM,0,256,14,,0.015,50,100,,BNR,,,,,
344,02F,N2,%RPM,0,256,14,,0.015,25,50,,BNR,,,,,
344,033,N2,%RPM,0,256,14,,0.015,50,200,,BNR,,,,,
344,03F,N2,%RPM,0,256,14,,0.015,25,50,,BNR,,,,,
344,10A,Selected Actual Core Speed,%,0,128,12,,0.063,31.3,100,,BNR,,,,,
344,10B,Selected Actual Core Speed,%,0,128,12,,0.063,31.3,100,,BNR,,,,,
345,01A,Exhaust Gas Temperature,Deg C,0,2048,12,,0.5,100,200,,BNR,,,,,
345,01C,Exhaus Gas Temperature,Deg C,0,2048,12,,0.5,100,200,,BNR,,,,,
345,029,Exhaust Gas Temperature,Deg C,0,2048,12,,0.5,50,100,,BNR,,,,,
345,02F,Exhaust Gas Temperature,Deg C,0,2048,12,,0.5,25,50,,BNR,,,,,
345,033,Exhaust Gas Temperature,Deg C,0,2048,12,,0.5,100,200,,BNR,,,,,
345,03F,Exhaust Gas Temperature,Deg C,0,2048,12,,0.5,25,50,,BNR,,,,,
345,10A,Selected Exhaust Gas Temperature (Total),Deg C,-55,+1100,11,,1.00,62.5,250,,BNR,,,,,
345,10B,Selected Exhaust Gas Temperature (Total),Deg C,-55,+1100,11,,1.00,62.5,250,,BNR,,,,,
346,003,N1 Actual,%RPM,0,256,14,,0.015,100,200,,BNR,,,,,
346,01A,N1 Actual,%RPM,0,256,14,,0.015,100,200,,BNR,,,,,
346,02F,N1 Actual,%RPM,0,256,14,,0.015,25,50,,BNR,,,,,
346,033,N1 Actual,%RPM,0,256,14,,0.015,50,200,,BNR,,,,,
346,03F,N1 Actual,%RPM,0,256,14,,0.015,25,50,,BNR,,,,,
346,10A,Selected Actual Fan Speed,%,0,128,12,,0.063,31.3,100,,BNR,,,,,
346,10B,Selected Actual Fan Speed,%,0,128,12,,0.063,31.3,100,,BNR,,,,,
347,018,Antenne Control,TBD,,TBD,TBD,,TBD,TBD,TBD,,BNR,See Arinc 718,,,,
347,029,Fuel Flow (Engine),Lbs/Nr,0,32768,12,,8,50,100,,BNR,,,,,
347,030,Sector Control,TBD,,TBD,TBd,,TBD,TBD,TBD,,BNR,see ARINC 730,,,,
347,035,Antenna Control,TBD,,TBD,TBD,,TBD,TBD,TBD,,BNR,See ARINC 735,,,,
347,037,Fuel Flow,Lbs/Hr,0,32768,12,,8,100,200,,BNR,,,,,
347,10A,LPT Clearance Valve Position,%,-5,+105,11,,0.063,500,1000,,BNR,,,,,
347,10B,LPT Clearance Valve Position,%,-5,+105,11,,0.063,500,1000,,BNR,,,,,
360,004,Potentiel Vertical Speed,Ft/min,0,32768,15,,1,10,20,,BNR,,,,,
360,005,Potentiel Vertical Speed,Ft/Min,0,32768,15,,1,25,50,,BNR,,,,,
360,038,Potentiel Vertical Speed,Ft/min,0,32768,15,,1,10,20,,BNR,,,,,
360,10A,Throttle Rate of Change,Deg/Sec,-16,+16,,,1.00,31.3,100,,BNR,See Notes (6) and (7),,,,
360,10B,Throttle Rate of Change,Deg/Sec,-16,+16,4,,1.00,31.3,100,,BNR,See Notes (6) and (7),,,,
361,004,Altitude (inertial),Feet,0,131072,20,,0.125,20,40,,BNR,,,,,
361,005,Altitude (inertial),Feet,0,131072,18,,0.5,20,40,,BNR,,,,,
361,038,Altitude (inertial),,,,,,,,,,BNR,,,,,
361,10A,Derivative of Thrust vs. N1,DFN/%N1,0,2000,11,,2.0,62.5,250,,BNR,See Note (6),,,,
361,10B,Derivative of Thrust vs. N1,DFN/%N1,0,2000,11,,2.0,62.5,250,,BNR,See Note (6),,,,
362,004,Along Track Horiz. Accel.,g,0,4,12,,0.001,10,20,,BNR,,,,,
362,038,Along Track Horiz. Accel.,g,0,4,12,,0.001,10,20,,BNR,,,,,
362,10A,Derivative  of N1 vs. TLA,%N1/Deg,0,12,11,,0.008,62.5,250,,BNR,See Note (6),,,,
362,10B,Derivative of N1 vs. TLA,%N1/Deg,0,12,11,,0.008,62.5,250,,BNR,See Note (6),,,,
362,115,Range Rate,Knotes,-8192,+8192,13,,1.0,50,50,,BNR,,,,,
363,004,Cross Track Acceleration,g,0,4,12,,0.001,10,20,,BNR,,,,,
363,038,Cross Track Acceleration,g,0,4,12,,0.001,10,20,,BNR,,,,,
363,10A,Corrected Thrust,LBF,0,64000,11,,64.0,62.5,250,,BNR,See Note (6),,,,
363,10B,Corrected Thrust,LBF,0,64000,11,,64.0,62.5,250,,BNR,See Note (6),,,,
364,004,Vertical Acceleration,g,0,4,12,,0.001,10,20,,BNR,,,,,
364,005,Vertical Acceleration,g,0,4,12,,0.001,10,20,,BNR,,,,,
364,038,Vertical Acceleration,g,0,4,12,,0.001,10,20,,BNR,,,,,
365,004,Inertial Vertical Velocity (EFI),Ft/min,0,32768,15,,1,20,40,,BNR,,,,,
365,005,Inertial Vertical Velocity (EFI),Ft/min,0,32768,15,,1,20,40,,BNR,,,,,
365,038,Inertial Vertical Velocity (EFI),Ft/min,0,32768,15,,1,20,30,,BNR,,,,,
366,004,N-S Velocity,Knots,0,4096,15,,0.125,50,100,,BNR,,,,,
366,038,N-S Velocity,knots,0,4096,15,,0.125,50,100,,BNR,,,,,
367,004,E-W Velocity,Knots,0,4096,15,,0.125,100,200,,BNR,,,,,
367,038,E-W Velocity,knots,0,4096,15,,0.125,100,200,,BNR,,,,,
370,004,Body Normal Acceleration (Recorder),9,0,8,13,UP,0.001,100,200,110,BNR,,,,,
370,005,Body Normal Acceleration (Recorder),9,0,8,13,UP,0.001,100,200,110,BNR,,,,,
370,025,Decision Neight Selected (EFI),Feet,0,8192,16,,0.125,100,200,,BNR,,,,,
370,0C5,Decision Neight Selected (EFI),Feet,0,16384,17,,0.125,100,200,,BNR,,,,,
372,005,Wind Direction-Magnetic,Deg/180,-180,+180,9,,0.35,50,100,,BNR,,,,,
372,10A,Actual Fan Speed,%,0,128,12,,0.063,500,1000,,BNR,,,,,
372,10B,Actual Fan Speed,%,0,128,12,,0.063,500,1000,,BNR,,,,,
373,005,N-S Velocity-Magnetic,Knots,0,4096,15,,0.125,100,200,,BNR,,,,,
373,10A,Actual Core Speed,%,0,128,12,,0.063,500,1000,,BNR,,,,,
373,10B,Actual Core Speed,%,0,128,12,,0.063,500,1000,,BNR,,,,,
374,005,E-W Velocity-Magnetic,Knots,0,4096,15,,0.125,100,200,,BNR,,,,,
374,10A,Left Thrust Reverser Position,%,-5,+105,11,,0.063,500,1000,,BNR,,,,,
374,10B,Left Thrust Reverser Position,%,-5,+105,11,,0.063,500,1000,,BNR,,,,,
375,005,Along Heading Acceleration,g,0,4,12,,0.001,10,20,,BNR,,,,,
375,033,Spare DC1,VDC,0,16,12,,0.004,150,250,,BNR,,,,,
375,10A,Right Thrust Reverser Position,%,-5,+105,11,,0.063,500,1000,,BNR,,,,,
375,10B,Right Thrust Reverser Position,%,-5,+105,11,,0.063,500,1000,,BNR,,,,,
376,005,Cross Heading Acceleration,g,0,4,12,,0.001,10,20,,BNR,,,,,
376,033,Spare DC2,VDC,0,16,12,,0.004,150,250,,BNR,,,,,
